month,day,year,capture_time,release_time,band_number,species,age,sex,wing_mm,weight_g,culmen_mm,hallux_mm,tail_mm,standard_tail_mm,tarsus_mm,wing_pit_fat,keel_fat,crop
9,19,1992,13:30,,877-76317,Red-tailed,Imature,NA,385,920,25.7,30.1,219,NA,NA,NA,NA,NA
9,22,1992,10:30, ,877-76318,Red-tailed,Imature,NA,376,930,NA,NA,221,NA,NA,NA,NA,NA
9,23,1992,12:45, ,877-76319,Red-tailed,Imature,NA,381,990,26.7,31.3,235,NA,NA,NA,NA,NA
9,23,1992,10:50, ,745-49508,Coopers,Imature,Female,265,470,18.7,23.5,220,NA,NA,NA,NA,NA
9,27,1992,11:15, ,1253-98801,Sharp-shinned,Imature,Female,205,170,12.5,14.3,157,NA,NA,NA,NA,NA
9,28,1992,11:25, ,1207-55910 ,Red-tailed,Imature,NA,412,1090,28.5,32.2,230,NA,NA,NA,NA,NA
9,28,1992,13:30, ,877-76320,Red-tailed,Imature,NA,370,960,25.3,30.1,212,NA,NA,NA,NA,NA
9,29,1992,11:45, ,877-76321,Red-tailed,Adult,NA,375,855,27.2,30,243,NA,NA,NA,NA,NA
9,29,1992,15:35, ,877-76322,Red-tailed,Adult,NA,412,1210,29.3,31.3,210,NA,NA,NA,NA,NA
9,30,1992,13:45, ,1207-55911,Red-tailed,Imature,NA,405,1120,26,30.2,238,NA,NA,NA,NA,NA
10,5,1992,13:30, ,877-76323,Red-tailed,Imature,NA,393,1010,26.3,30.8,222,NA,NA,NA,NA,NA
10,8,1992,13:45, ,877-76324,Red-tailed,Imature,NA,371,1010,25.4,29.7,217,NA,NA,NA,NA,NA
10,9,1992,12:30, ,877-76325,Red-tailed,Adult,NA,390,1120,28.9,30.9,213,NA,NA,NA,NA,NA
10,10,1992,11:05, ,1207-55917,Red-tailed,Adult,NA,393,NA,28.2,30.6,238,NA,NA,NA,NA,NA
10,11,1992,11:00, ,1207-55912,Red-tailed,Imature,NA,416,1170,26.5,34,243,NA,NA,NA,NA,NA
10,11,1992,11:45, ,1207-55913,Red-tailed,Adult,NA,436,1390,30.5,34,232,NA,NA,NA,NA,NA
10,11,1992,12:40, ,877-76326,Red-tailed,Imature,NA,418,1150,27.1,31,238,NA,NA,NA,NA,NA
10,11,1992,14:20, ,877-76327,Red-tailed,Adult,NA,381,950,28.9,28.9,202,NA,NA,NA,NA,NA
10,12,1992,13:40, ,877-76328,Red-tailed,Imature,NA,378,910,25.7,28.2,227,NA,NA,NA,NA,NA
10,13,1992,11:00, ,877-76329,Red-tailed,Imature,NA,396,1010,24,26.9,227,NA,NA,NA,NA,NA
10,13,1992,14:50, ,877-76330,Red-tailed,Imature,NA,399,1070,26.4,31.2,222,NA,NA,NA,NA,NA
10,14,1992,13:15, ,877-76331,Red-tailed,Imature,NA,416,1190,28.8,31.6,237,NA,NA,NA,NA,NA
10,17,1992,12:10, ,877-76332,Red-tailed,Imature,NA,415,101,24.9,30.7,238,NA,NA,NA,NA,NA
10,22,1992,13:05, ,877-76333,Red-tailed,Adult,NA,392,1330,27,30.3,213,NA,NA,NA,NA,NA
10,23,1992,11:45, ,877-76334,Red-tailed,Imature,NA,380,990,26,30,211,NA,NA,NA,NA,NA
10,23,1992,16:05, ,1173-19901,Sharp-shinned,Imature,Male,173,100,NA,NA,130,NA,NA,NA,NA,NA
10,24,1992,14:35, ,877-76335,Red-tailed,Imature,NA,399,1100,26.2,32.5,190,NA,NA,NA,NA,NA
10,25,1992,12:05, ,1207-55914,Red-tailed,Adult,NA,401,1190,28.6,31.6,245,NA,NA,NA,NA,NA
10,27,1992,10:05, ,1253-98802,Sharp-shinned,Imature,Female,205,180,11.7,15,164,NA,NA,NA,NA,NA
10,27,1992,10:45, ,608-48703,Red-tailed,Imature,NA,427,1490,30.1,32.4,246,NA,NA,NA,NA,NA
10,27,1992,15:15, ,1207-55915,Red-tailed,Adult,NA,395,1040,27.1,31.4,207,NA,NA,NA,NA,NA
10,30,1992,11:05, ,877-76336,Red-tailed,Imature,NA,362,820,24.9,27.9,209,NA,NA,NA,NA,NA
11,3,1992,10:15, ,1207-55916,Red-tailed,Adult,NA,396,1030,26,29.7,200,NA,NA,NA,NA,NA
11,8,1992,11:45, ,1207-55918,Red-tailed,Adult,NA,391,1300,25.5,32.4,215,NA,NA,NA,NA,NA
11,8,1992,13:30, ,1207-55919,Red-tailed,Adult,NA,413,1500,26.5,31.3,219,NA,NA,NA,NA,NA
11,13,1992,10:45, ,987-53707,Red-tailed,Adult,NA,371,1080,25.3,27.2,198,NA,NA,NA,NA,NA
11,16,1992,11:15, ,1207-55920,Red-tailed,Adult,NA,385,1320,27.3,30.1,207,NA,NA,NA,NA,NA
11,21,1992,14:00, ,877-76337,Red-tailed,Adult,NA,378,1490,25.4,31.3,204,NA,NA,NA,NA,NA
11,22,1992,10:08, ,1207-55921,Red-tailed,Adult,NA,416,1500,29.1,30.8,205,NA,NA,NA,NA,NA
9,13,1993,14:25, ,173-19904,Sharp-shinned,Imature,Male,193,100,9.3,101,144,NA,NA,NA,NA,NA
9,17,1993,15:25, ,193-19905,Sharp-shinned,Imature,Male,171,88,9.7,11.5,136,NA,NA,NA,NA,NA
9,20,1993,13:45, ,120407-804,Coopers,Imature,NA,233,324,16,19.3,191,NA,NA,NA,NA,NA
9,21,1993,15:11, ,877-76339,Red-tailed,Imature,NA,384,1060,26.1,31.2,230,NA,NA,NA,NA,NA
9,22,1993,13:50, ,877-76340,Red-tailed,Imature,NA,382,1140,25.1,29.4,227,NA,NA,NA,NA,NA
9,22,1993,15:55, ,877-76341,Red-tailed,Imature,NA,390,1030,27.6,30.3,208,NA,NA,NA,NA,NA
9,27,1993,12:15, ,877-76342,Red-tailed,Imature,NA,390,1000,25.1,28.3,231,NA,NA,NA,NA,NA
9,27,1993,13:00, ,877-76344,Red-tailed,Imature,NA,393,1050,28.7,29.8,222,NA,NA,NA,NA,NA
9,27,1993,13:20, ,877-76345,Red-tailed,Imature,NA,378,1040,26.2,31.2,225,NA,NA,NA,NA,NA
9,27,1993,15:03, ,877-76346,Red-tailed,Imature,NA,398,1110,26.5,30.9,225,NA,NA,NA,NA,NA
9,28,1993,11:50, ,877-76347,Red-tailed,Imature,NA,412,1300,27.9,31.55,233,NA,NA,NA,NA,NA
9,28,1993,12:45, ,877-76348,Red-tailed,Imature,NA,400,980,25.7,29.3,214,NA,NA,NA,NA,NA
9,29,1993,9:53, ,877-76349,Red-tailed,Imature,NA,422,1120,26.4,28.3,233,NA,NA,NA,NA,NA
9,29,1993,10:25, ,1253-98803,Sharp-shinned,Imature,Female,202,134,12.4,13.7,158,NA,NA,NA,NA,NA
9,29,1993,15:30, ,877-76350,Red-tailed,Imature,NA,394,1270,27.8,31.6,245,NA,NA,NA,NA,NA
9,30,1993,13:25, ,787-53708,Red-tailed,Imature,NA,369,880,25,26.5,210,NA,NA,NA,NA,NA
10,1,1993,10:20, ,745-49512,Coopers,Imature,Female,252,340,16,20.8,230,NA,NA,NA,NA,NA
10,1,1993,10:45, ,745-49513,Coopers,Adult,Male,240,340,16.1,19.3,192,NA,NA,NA,NA,NA
10,3,1993,13:35, ,1207-55922,Red-tailed,Imature,NA,410,1255,29.7,31.4,229,NA,NA,NA,NA,NA
10,4,1993,11:25, ,1207-55923,Red-tailed,Imature,NA,241,1320,28.6,36.4,235,NA,NA,NA,NA,NA
10,7,1993,14:40, ,1207-55924,Red-tailed,Imature,NA,408,1320,30,33.4,221,NA,NA,NA,NA,NA
10,9,1993,9:38, ,877-76351,Red-tailed,Imature,NA,37.2,1180,20.2,26.65,210,NA,NA,NA,NA,NA
10,9,1993,10:20, ,877-76552,Red-tailed,Imature,NA,380,760,24.5,26.1,212,NA,NA,NA,NA,NA
10,10,1993,11:25, ,1207-55927,Red-tailed,Imature,NA,396,1250,26.6,32.5,225,NA,NA,NA,NA,NA
10,10,1993,13:27, ,877-76353,Red-tailed,Imature,NA,326,NA,25.2,27.7,215,NA,NA,NA,NA,NA
10,11,1993,11:35, ,1173-19906,Sharp-shinned,Imature,Male,158,100,10.8,10.5,122,NA,NA,NA,NA,NA
10,11,1993,14:00, ,877-76354,Red-tailed,Imature,NA,416,1300,27.3,32.7,235,NA,NA,NA,NA,NA
10,12,1993,13:15, ,745-49515,Coopers,Imature,Female,271,475,18.2,24.75,232,NA,NA,NA,NA,NA
10,13,1993,9:23, ,1173-19907,Sharp-shinned,Adult,Male,176,100,9.8,11.1,133,NA,NA,NA,NA,NA
10,14,1993,14:05, ,1373-35272,Sharp-shinned,Adult,Female,194,NA,11.4,14.2,154,NA,NA,NA,NA,NA
10,21,1993,9:20, ,877-76355,Red-tailed,Adult,NA,390,1080,30.2,29.1,209,NA,NA,NA,NA,NA
10,21,1993,15:30, ,877-76357,Red-tailed,Adult,NA,391,1130,26.4,29.4,212,NA,NA,NA,NA,NA
10,22,1993,16:35, ,877-76358,Red-tailed,Adult,NA,387,1160,26.8,31,209,NA,NA,NA,NA,NA
10,23,1993,13:05, ,1207-55941,Red-tailed,Imature,NA,420,1345,29.5,34.3,250,NA,NA,NA,NA,NA
10,25,1993,14:12, ,877-76359,Red-tailed,Adult,NA,435,1385,32.6,30.6,235,NA,NA,NA,NA,NA
10,26,1993,15:55, ,877-76360,Red-tailed,Adult,NA,400,1210,25.5,28.6,222,NA,NA,NA,NA,NA
10,31,1993,11:35, ,1207-55947,Red-tailed,Imature,NA,398,1455,28,31.5,236,NA,NA,NA,NA,NA
11,5,1993,11:00, ,877-76361,Red-tailed,Imature,NA,395,1180,25,28.9,210,NA,NA,NA,NA,NA
11,18,1993,10:37, ,877-76362,Red-tailed,Imature,NA,410,1500,27.1,33.2,239,NA,NA,NA,NA,NA
9,6,1994,9:55, ,1387-99101,Red-tailed,Imature,NA,369,1025,27.1,31.5,228,NA,NA,NA,NA,NA
9,6,1994,10:40, ,1387-99102,Red-tailed,Imature,NA,372,930,26.1,31.1,220,NA,NA,NA,NA,NA
9,7,1994,12:27, ,1387-99104,Red-tailed,Imature,NA,415,1360,28.6,33.5,233,NA,NA,NA,NA,NA
9,7,1994,13:35, ,1387-99103,Red-tailed,Imature,NA,412,1255,27.7,32.6,236,NA,NA,NA,NA,NA
9,8,1994,12:10, ,1423-16201,Sharp-shinned,Imature,Female,205,194,12.6,14.4,155,NA,NA,NA,NA,NA
9,9,1994,9:02, ,2003-58433,Sharp-shinned,Imature,Female,204,159,12.5,14.8,152,NA,NA,NA,NA,NA
9,9,1994,10:47, ,872-09611,Sharp-shinned,Imature,Male,170,90,9.5,11.3,135,NA,NA,NA,NA,NA
9,12,1994,11:24, ,1204-45804,Coopers,Adult,Male,233,340,17.8,19.4,186,NA,NA,NA,NA,NA
9,12,1994,13:50, ,1387-97105,Red-tailed,Imature,NA,375,1065,25.9,30,216,NA,NA,NA,NA,NA
9,13,1994,11:58, ,1387-79106,Red-tailed,Imature,NA,385,1125,19.6,31.4,233,NA,NA,NA,NA,NA
9,15,1994,12:45, ,1207-64601,Red-tailed,Imature,NA,422,1340,28.7,32,248,NA,NA,NA,NA,NA
9,15,1994,13:20, ,1387-79107,Red-tailed,Imature,NA,391,1050,26.6,32.2,221,NA,NA,NA,NA,NA
9,15,1994,13:35, ,1387-79108,Red-tailed,Imature,NA,410,1210,27.5,308,227,NA,NA,NA,NA,NA
9,16,1994,10:23, ,1387-79109,Red-tailed,Imature,NA,385,980,26.8,27.8,223,NA,NA,NA,NA,NA
9,16,1994,11:20, ,1387-79111,Red-tailed,Imature,NA,381,1000,25.5,29.8,219,NA,NA,NA,NA,NA
8,18,1994,12:05, ,1207-64602,Red-tailed,Adult,NA,416,1390,28.1,31.3,225,NA,NA,NA,NA,NA
9,18,1994,13:20, ,1207-64603,Red-tailed,Imature,NA,406,1275,29,33.7,238,NA,NA,NA,NA,NA
9,19,1994,12:58, ,1207-64604,Red-tailed,Imature,NA,418,1180,30.1,341.4,235,NA,NA,NA,NA,NA
9,19,1994,14:05, ,1207-64605,Red-tailed,Imature,NA,412,1210,29.3,33.8,222,NA,NA,NA,NA,NA
9,20,1994,9:05, ,2003-58435,Sharp-shinned,Adult,Female,208,168,12.7,14.8,155,NA,NA,NA,NA,NA
9,20,1994,9:33, ,2003-58436,Sharp-shinned,Imature,Female,208,146,11.8,14.9,160,NA,NA,NA,NA,NA
9,20,1994,11:04, ,1423-16203,Sharp-shinned,Imature,Male,175,108,10,11.5,137,NA,NA,NA,NA,NA
9,20,1994,12:10, ,1423-16204,Sharp-shinned,Imature,Male,166,94,9.5,11.3,127,NA,NA,NA,NA,NA
9,29,1994,13:55, ,1387-79112,Red-tailed,Imature,NA,405,1085,27.7,29.9,238,NA,NA,NA,NA,NA
9,20,1994,14:00, ,2003-58437,Sharp-shinned,Adult,Female,198,188,12.2,143,150,NA,NA,NA,NA,NA
9,29,1994,14:45, ,2003-58438,Sharp-shinned,Imature,Female,200,154,12.4,14.4,150,NA,NA,NA,NA,NA
9,21,1994,13:50, ,1387-79113,Red-tailed,Imature,NA,380,810,25.9,28.7,229,NA,NA,NA,NA,NA
9,23,1994,11:48, ,1387-79114,Red-tailed,Imature,NA,381,905,27.9,29.1,227,NA,NA,NA,NA,NA
9,26,1994,10:28, ,872-09612,Sharp-shinned,Imature,Male,169,94,9,10.2,129,NA,NA,NA,NA,NA
9,26,1994,10:54, ,2206-35417,Coopers,Imature,Female,260,420,19.6,23.9,220,NA,NA,NA,NA,NA
9,26,1994,12:10, ,1207-64606,Red-tailed,Imature,NA,428,1240,29.1,34.7,245,NA,NA,NA,NA,NA
9,26,1994,14:02, ,1207-64607,Red-tailed,Imature,NA,400,990,26.9,31.4,223,NA,NA,NA,NA,NA
9,27,1994,8:00, ,1705-24603,Coopers,Imature,Female,265,365,16.8,22.5,224,NA,NA,NA,NA,NA
9,27,1994,11:55, ,1423-16205,Sharp-shinned,Imature,Male,177,91,10.2,11.3,133,NA,NA,NA,NA,NA
9,27,1994,15:40, ,1307-79115,Red-tailed,Imature,NA,381,1010,25.8,31.7,210,NA,NA,NA,NA,NA
9,28,1994,9:25, ,1387-79116,Red-tailed,Imature,NA,403,980,26.3,29.7,234,NA,NA,NA,NA,NA
9,28,1994,11:10, ,1387-79117,Red-tailed,Imature,NA,382,860,26.5,29,219,NA,NA,NA,NA,NA
9,28,1994,11:38, ,1387-79118,Red-tailed,Imature,NA,382,970,25.8,29,216,NA,NA,NA,NA,NA
9,28,1994,13:02, ,1387-79119,Red-tailed,Imature,NA,399,980,27.5,29.9,230,NA,NA,NA,NA,NA
9,29,1994,13:55, ,1387-79120,Red-tailed,Imature,NA,380,985,23.9,29,223,NA,NA,NA,NA,NA
9,29,1994,13:16, ,1387-79121,Red-tailed,Imature,NA,375,990,25.6,30.6,220,NA,NA,NA,NA,NA
9,30,1994,10:39, ,1207-64608,Red-tailed,Imature,NA,420,1210,27.8,32.6,241,NA,NA,NA,NA,NA
10,3,1994,11:13, ,872-09613,Sharp-shinned,Imature,Male,170,89,8.6,11,136,NA,NA,NA,NA,NA
10,3,1994,13:07, ,872-09614,Sharp-shinned,Adult,Male,177,97,10,11.3,137,NA,NA,NA,NA,NA
10,4,1994,13:37, ,1387-79122,Red-tailed,Imature,NA,375,990,28,29.5,223,NA,NA,NA,NA,NA
10,4,1994,14:45, ,1207-64609,Red-tailed,Imature,NA,395,1170,28.1,31.7,238,NA,NA,NA,NA,NA
10,5,1994,11:55, ,872-09615,Sharp-shinned,Adult,Male,170,93,10.1,11.2,126,NA,NA,NA,NA,NA
10,5,1994,13:55, ,1207-64610,Red-tailed,Imature,NA,406,1350,30.5,32,235,NA,NA,NA,NA,NA
10,5,1994,15:17, ,1207-64611,Red-tailed,Imature,NA,414,1370,29.3,33,240,NA,NA,NA,NA,NA
10,5,1994,16:00, ,872-09616,Sharp-shinned,Imature,Male,173,103,9.7,19.4,137,NA,NA,NA,NA,NA
10,6,1994,10:45, ,2003-58439,Sharp-shinned,Imature,Female,209,151,12.2,13.9,160,NA,NA,NA,NA,NA
10,6,1994,11:23, ,872-09617,Sharp-shinned,Imature,Male,177,101,10.3,12.1,140,NA,NA,NA,NA,NA
10,7,1994,10:50, ,1387-79123,Red-tailed,Imature,NA,388,985,26.9,29.8,220,NA,NA,NA,NA,NA
10,7,1994,11:24, ,1387-79124,Red-tailed,Imature,NA,277,940,26.5,30.4,218,NA,NA,NA,NA,NA
10,7,1994,12:15, ,1207-64612,Red-tailed,Imature,NA,423,1310,27.4,34.1,234,NA,NA,NA,NA,NA
10,7,1994,15:40, ,1387-79125,Red-tailed,Imature,NA,365,1035,26.1,30.8,232,NA,NA,NA,NA,NA
10,7,1994,16:35, ,1387-79126,Red-tailed,Imature,NA,383,965,26.1,31.8,221,NA,NA,NA,NA,NA
10,10,1994,11:02, ,1387-79127,Red-tailed,Imature,NA,391,1125,25.4,30.9,220,NA,NA,NA,NA,NA
10,10,1994,12:01, ,1387-79128,Red-tailed,Imature,NA,389,975,26.4,30.3,232,NA,NA,NA,NA,NA
10,10,1994,12:23, ,1387-79129,Red-tailed,Imature,NA,392,1140,26.2,29.8,214,NA,NA,NA,NA,NA
10,10,1994,13:10, ,1387-79130,Red-tailed,Imature,NA,375,950,25.3,29.9,225,NA,NA,NA,NA,NA
10,10,1994,13:50, ,1207-64613,Red-tailed,Imature,NA,410,1210,28.1,28.9,238,NA,NA,NA,NA,NA
10,10,1994,15:07, ,872-09618,Sharp-shinned,Imature,Male,179,95,10.8,11.6,133,NA,NA,NA,NA,NA
10,11,1994,8:52, ,872-09619,Sharp-shinned,Imature,Male,172,89,9.4,10.8,136,NA,NA,NA,NA,NA
10,11,1994,12:36, ,2003-58440,Sharp-shinned,Adult,Female,202,195,12.4,14.1,151,NA,NA,NA,NA,NA
10,12,1994,11:15, ,1423-16206,Sharp-shinned,Imature,Male,174,93,9.5,11,131,NA,NA,NA,NA,NA
10,13,1994,13:05, ,1207-64614,Red-tailed,Imature,NA,422,1205,28.8,31.3,238,NA,NA,NA,NA,NA
10,13,1994,14:00, ,1387-79131,Red-tailed,Imature,NA,385,1045,27.6,27.5,229,NA,NA,NA,NA,NA
10,16,1994,12:05, ,1387-79132,Red-tailed,Imature,NA,363,1090,26.6,28.8,202,NA,NA,NA,NA,NA
10,16,1994,11:30, ,1207-64615,Red-tailed,Imature,NA,450,1190,30.3,32.8,226,NA,NA,NA,NA,NA
10,18,1994,10:00, ,1287-79133,Red-tailed,Imature,NA,380,960,25.6,30.1,220,NA,NA,NA,NA,NA
10,18,1994,12:35, ,1387-79134,Red-tailed,Imature,NA,385,955,26.3,30.1,215,NA,NA,NA,NA,NA
10,18,1994,13:30, ,1387-79135,Red-tailed,Imature,NA,385,1110,24.7,30.2,122,NA,NA,NA,NA,NA
10,19,1994,9:08, ,872-09620,Sharp-shinned,Imature,Male,171,100,19.1,11.5,134,NA,NA,NA,NA,NA
10,19,1994,10:46, ,1387-79136,Red-tailed,Imature,NA,380,900,24,26.5,215,NA,NA,NA,NA,NA
10,19,1994,11:27, ,1387-79137,Red-tailed,Imature,NA,384,1075,26.5,30.7,208,NA,NA,NA,NA,NA
10,19,1994,12:15, ,1387-79138,Red-tailed,Imature,NA,373,980,27.9,32.1,211,NA,NA,NA,NA,NA
10,19,1994,12:55, ,1387-79139,Red-tailed,Imature,NA,381,940,27.8,34.2,220,NA,NA,NA,NA,NA
10,19,1994,13:35, ,1387-79140,Red-tailed,Imature,NA,363,1070,25.6,30.4,204,NA,NA,NA,NA,NA
10,19,1994,13:50, ,1387-79141,Red-tailed,Imature,NA,409,1120,29.4,31.6,229,NA,NA,NA,NA,NA
10,20,1994,12:00, ,1387-79142,Red-tailed,Adult,NA,390,1060,27.6,29,205,NA,NA,NA,NA,NA
10,21,1994,10:12, ,2003-58441,Sharp-shinned,Imature,Female,204,168,12.1,14.3,155,NA,NA,NA,NA,NA
10,22,1994,14:45, ,1423-16207,Sharp-shinned,Imature,Female,197,211,11.5,13.9,150,NA,NA,NA,NA,NA
10,23,1994,11:06, ,1387-79143,Red-tailed,Imature,NA,420,1125,27.2,27.4,244,NA,NA,NA,NA,NA
10,23,1994,11:36, ,1387-79144,Red-tailed,Imature,NA,381,1100,27,28.2,225,NA,NA,NA,NA,NA
10,23,1994,13:09, ,1207-64616,Red-tailed,Imature,NA,408,1360,30,33.9,239,NA,NA,NA,NA,NA
10,23,1994,14:25, ,1387079145,Red-tailed,Imature,NA,388,995,26.7,30.7,222,NA,NA,NA,NA,NA
10,23,1994,15:00, ,1387-79146,Red-tailed,Adult,NA,398,1095,21.1,31.4,209,NA,NA,NA,NA,NA
10,24,1994,9:05, ,1423-16208,Sharp-shinned,Imature,Female,209,196,12.1,14.6,164,NA,NA,NA,NA,NA
10,25,1994,10:25, ,2003-58442,Sharp-shinned,Imature,Female,209,176,11.7,15.1,159,NA,NA,NA,NA,NA
10,25,1994,14:00, ,1387-079147,Red-tailed,Adult,NA,394,1075,25.5,29.7,211,NA,NA,NA,NA,NA
10,25,1994,14:19, ,1423-11209,Sharp-shinned,Adult,Female,204,180,12.3,15.2,160,NA,NA,NA,NA,NA
10,26,1994,9.12, ,1423-16210,Sharp-shinned,Imature,Female,204,164,12.3,14.3,157,NA,NA,NA,NA,NA
10,26,1994,10:29, ,2003-58443,Sharp-shinned,Imature,Female,209,158,12.2,14.4,160,NA,NA,NA,NA,NA
10,26,1994,11:39, ,1387-79148,Red-tailed,Imature,NA,394,1140,26.8,29.2,216,NA,NA,NA,NA,NA
10,26,1994,14:55, ,1207-64617,Red-tailed,Imature,NA,416,1240,27.9,31.8,250,NA,NA,NA,NA,NA
10,26,1994,15:40, ,1207-64618,Red-tailed,Imature,NA,445,1465,29.7,34.6,260,NA,NA,NA,NA,NA
10,27,1994,9:15, ,2003-58444,Sharp-shinned,Imature,Female,209,169,12.1,14.5,164,NA,NA,NA,NA,NA
10,27,1994,10:55, ,1387-79149,Red-tailed,Imature,NA,388,1105,26.7,28.9,217,NA,NA,NA,NA,NA
10,27,1994,11:50, ,1387-79150,Red-tailed,Imature,NA,397,1010,27.1,31.4,228,NA,NA,NA,NA,NA
10,27,1994,12:24, ,1387-79151,Red-tailed,Imature,NA,384,1075,26.3,30.5,218,NA,NA,NA,NA,NA
10,27,1994,13:37, ,1387-79152,Red-tailed,Imature,NA,379,1060,27.9,30.9,220,NA,NA,NA,NA,NA
10,28,1994,10:05, ,1387-79199,Red-tailed,Imature,NA,393,1015,27.6,31.1,227,NA,NA,NA,NA,NA
10,28,1994,10:45, ,1387-79153,Red-tailed,Imature,NA,386,1100,26,30.2,211,NA,NA,NA,NA,NA
10,29,1994,11:05, ,1387-79154,Red-tailed,Imature,NA,397,1010,25,30.6,222,NA,NA,NA,NA,NA
10,29,1994,11:50, ,1387-79155,Red-tailed,Imature,NA,382,1000,26.3,30.1,225,NA,NA,NA,NA,NA
11,1,1994,10:45, ,1387-79156,Red-tailed,Imature,NA,386,980,25.4,30.2,221,NA,NA,NA,NA,NA
11,1,1994,11:21, ,1387-79157,Red-tailed,Imature,NA,417,1240,28.7,32.4,231,NA,NA,NA,NA,NA
11,2,1994,11:41, ,1387-79158,Red-tailed,Imature,NA,403,1360,27.9,33.1,235,NA,NA,NA,NA,NA
11,2,1994,12:26, ,1204-45805,Coopers,Adult,Male,239,183,17.3,19.2,182,NA,NA,NA,NA,NA
11,2,1994,12:20, ,1207-64619,Red-tailed,Imature,NA,401,1405,29.1,82.8,235,NA,NA,NA,NA,NA
11,2,1994,14:52, ,1387-79159,Red-tailed,Adult,NA,377,1055,27,29.1,200,NA,NA,NA,NA,NA
11,6,1994,9:55, ,1207-64620,Red-tailed,Adult,NA,432,1670,27.1,32.9,216,NA,NA,NA,NA,NA
11,6,1994,10:30, ,1207-64621,Red-tailed,Imature,NA,390,1250,26.2,30.5,223,NA,NA,NA,NA,NA
11,6,1994,11:40, ,1387-79160,Red-tailed,Imature,NA,381,1030,25.3,29.9,210,NA,NA,NA,NA,NA
11,7,1994,11:22, ,1387-79161,Red-tailed,Imature,NA,403,1040,NA,29.9,229,NA,NA,NA,NA,NA
11,7,1994,12:47, ,1423-16211,Sharp-shinned,Imature,Female,213,190,12.2,15.5,160,NA,NA,NA,NA,NA
11,9,1994,9:46, ,872-09621,Sharp-shinned,Imature,Male,172,105,10,10.8,125,NA,NA,NA,NA,NA
11,9,1994,15:02, ,1807-53101,Red-tailed,Imature,NA,390,1090,26.2,28.8,226,NA,NA,NA,NA,NA
11,11,1994,10:00, ,1423-16212,Sharp-shinned,Imature,Female,204,190,11.8,13.9,154,NA,NA,NA,NA,NA
11,11,1994,11:59, ,1387-79162,Red-tailed,Adult,NA,386,1050,28.4,29.4,207,NA,NA,NA,NA,NA
11,11,1994,14:42, ,1387-79163,Red-tailed,Imature,NA,402,1110,26.1,30,238,NA,NA,NA,NA,NA
11,11,1994,15:01, ,1423-16213,Sharp-shinned,Imature,Female,201,206,12.1,13.5,151,NA,NA,NA,NA,NA
11,11,1994,15:23, ,1423-16214,Sharp-shinned,Imature,Female,202,195,12.1,14.8,158,NA,NA,NA,NA,NA
11,15,1994,11:40, ,1387-79164,Red-tailed,Adult,NA,374,1010,24.9,30.1,197,NA,NA,NA,NA,NA
11,16,1994,11:15, ,1807-53103,Red-tailed,Imature,NA,358,880,24.2,28.7,250,NA,NA,NA,NA,NA
11,16,1994,12:19, ,1387-79165,Red-tailed,Imature,NA,370,1060,24.3,29.8,215,NA,NA,NA,NA,NA
11,21,1994,10:40, ,1387-79166,Red-tailed,Imature,NA,390,920,25.7,30,214,NA,NA,NA,NA,NA
11,21,1994,13:33, ,1387-79167,Red-tailed,Imature,NA,398,1195,26.2,29.8,230,NA,NA,NA,NA,NA
9,8,1995,13:30, ,1387-170,Red-tailed,Imature,NA,360,890,26,28.4,213,NA,NA,NA,NA,NA
9,8,1995,14:20, ,1387-79171,Red-tailed,Imature,NA,355,900,25.3,29,214,NA,NA,NA,NA,NA
9,13,1995,14:30, ,1207-64623,Red-tailed,Adult,NA,375,1110,22.2,31.5,224,NA,NA,NA,NA,NA
9,13,1995,14:45, ,2003-59463,Sharp-shinned,Imature,Female,200,160,10.2,13.2,153,NA,NA,NA,NA,NA
9,14,1995,10:05, ,972-09622,Sharp-shinned,Imature,Male,179,105,10.1,11.3,131,NA,NA,NA,NA,NA
9,15,1995,9:40, ,2003-58464,Sharp-shinned,Imature,Male,175,99,9.6,12.7,145,NA,NA,NA,NA,NA
9,15,1995,9:50, ,2003-58465,Sharp-shinned,Imature,Female,203,165,12,14.4,165,NA,NA,NA,NA,NA
9,15,1995,11:05, ,2003-58466,Sharp-shinned,Imature,Female,205,100,12,12.5,168,NA,NA,NA,NA,NA
9,17,1995,11:20, ,1343-78401,Sharp-shinned,Imature,Female,213,125,11.5,14.4,156,NA,NA,NA,NA,NA
9,17,1995,12:15, ,1387-79173,Red-tailed,Imature,NA,409,1100,29,32.6,215,NA,NA,NA,NA,NA
9,17,1995,14:58, ,1343-78402,Sharp-shinned,Imature,Female,202,NA,NA,NA,164,NA,NA,NA,NA,NA
9,18,1995,14:20, ,1343-78403,Sharp-shinned,Imature,Female,195,155,11.9,14.6,155,NA,NA,NA,NA,NA
9,18,1995,15:10, ,1207-64624,Red-tailed,Imature,NA,415,1285,29.5,31.8,239,NA,NA,NA,NA,NA
9,19,1995,10:05, ,1204-45806,Coopers,Adult,Male,236,390,15.1,20.4,185,NA,NA,NA,NA,NA
9,20,1995,10:50, ,1387-79174,Red-tailed,Imature,NA,363,920,26.8,30.2,214,NA,NA,NA,NA,NA
9,23,1995,10:10, ,1387-79175,Red-tailed,Imature,NA,381,1025,25.4,30.8,232,NA,NA,NA,NA,NA
9,26,1995,11:05, ,1387-79176,Red-tailed,Adult,NA,350,940,26,29.1,205,NA,NA,NA,NA,NA
9,26,1995,13:03, ,1387-79177,Red-tailed,Imature,NA,398,1240,28.5,30.8,243,NA,NA,NA,NA,NA
9,26,1995,12:55, ,1207-64625,Red-tailed,Imature,NA,412,1160,27.8,33,255,NA,NA,NA,NA,NA
9,26,1995,13:55, ,2003-58467,Sharp-shinned,Imature,Female,203,150,11.5,13.9,159,NA,NA,NA,NA,NA
9,27,1995,9:40, ,2003-58468,Sharp-shinned,Imature,Female,201,130,11.7,14.4,156,NA,NA,NA,NA,NA
9,27,1995,12:50, ,1387-79178,Red-tailed,Imature,NA,411,1240,26.8,32.7,276,NA,NA,NA,NA,NA
9,27,1995,13:55, ,1807-53104,Red-tailed,Imature,NA,373,930,24.4,27.4,210,NA,NA,NA,NA,NA
10,1,1995,10:15, ,1423-16221,Sharp-shinned,Imature,Male,178,90,10.9,12.1,145,NA,NA,NA,NA,NA
10,1,1995,12:04, ,1207-64626,Red-tailed,Imature,NA,415,1240,25.6,31.2,231,NA,NA,NA,NA,NA
10,1,1995,12:50, ,1387-79179,Red-tailed,Imature,NA,383,1030,25.2,29.8,216,NA,NA,NA,NA,NA
10,2,1995,13:55, ,1705-24606,Coopers,Imature,Male,223,550,18.8,21.3,210,NA,NA,NA,NA,NA
10,3,1995,11:20, ,1387-79180,Red-tailed,Imature,NA,390,1250,26.5,32,210,NA,NA,NA,NA,NA
10,3,1995,11:45, ,1387-79181,Red-tailed,Imature,NA,390,999,25.3,29.8,220,NA,NA,NA,NA,NA
10,4,1995,12:20, ,1387-79182,Red-tailed,Adult,NA,365,1120,26.5,30.8,260,NA,NA,NA,NA,NA
10,4,1995,12:54, ,1387-79183,Red-tailed,Adult,NA,345,1000,26.4,30.1,200,NA,NA,NA,NA,NA
10,5,1995,11:08, ,1705-24607,Coopers,Imature,Female,273,530,19.2,24.7,213,NA,NA,NA,NA,NA
10,6,1995,12:15, ,1207-64627,Red-tailed,Imature,NA,400,1040,27.7,32.1,230,NA,NA,NA,NA,NA
10,6,1995,12:36, ,1207-64628,Red-tailed,Imature,NA,380,1150,27.8,31.1,220,NA,NA,NA,NA,NA
10,6,1995,13:05, ,1207-79184,Red-tailed,Imature,NA,330,1000,25.9,30.2,220,NA,NA,NA,NA,NA
10,6,1995,13:10, ,1207-64629,Red-tailed,Imature,NA,410,1360,33.3,28.6,235,NA,NA,NA,NA,NA
10,7,1995,12:00, ,1387-79185,Red-tailed,Imature,NA,313,930,25.7,28.9,215,NA,NA,NA,NA,NA
10,9,1995,11:35, ,1387-79186,Red-tailed,Imature,NA,384,980,25.8,30.4,215,NA,NA,NA,NA,NA
10,9,1995,11:50, ,1207-64660,Red-tailed,Imature,NA,409,1260,27.7,31.8,221,NA,NA,NA,NA,NA
10,9,1995,12:50, ,1387-79187,Red-tailed,Imature,NA,390,900,27.5,28.6,225,NA,NA,NA,NA,NA
10,10,1995,11:50, ,1207-64630,Red-tailed,Imature,NA,411,1300,25.9,31.9,238,NA,NA,NA,NA,NA
10,10,1995,14:25, ,1705-24608,Coopers,Imature,Female,259,470,16.6,23.4,221,NA,NA,NA,NA,NA
10,11,1995,14:25, ,1387-79188,Red-tailed,Adult,NA,380,1040,26.4,30.9,212,NA,NA,NA,NA,NA
10,11,1995,14:25, ,1387-79189,Red-tailed,Imature,NA,370,950,27.3,30.5,215,NA,NA,NA,NA,NA
10,11,1995,13:15, ,1387-79190,Red-tailed,Imature,NA,415,1320,29.4,33.9,235,NA,NA,NA,NA,NA
10,12,1995,10:37, ,1204-45807,Sharp-shinned,Imature,Female,215,180,14.1,12.7,132,NA,NA,NA,NA,NA
10,12,1995,13:20, ,1387-79191,Red-tailed,Imature,NA,410,1280,27.9,32.7,229,NA,NA,NA,NA,NA
10,12,1995,14:20, ,1387-79192,Red-tailed,Imature,NA,412,1310,26.1,31.1,251,NA,NA,NA,NA,NA
10,12,1995,14:30, ,1207-64631,Red-tailed,Adult,NA,384,910,26.4,28.4,215,NA,NA,NA,NA,NA
10,13,1995,12:05, ,1207-64632,Red-tailed,Imature,NA,404,1220,28.6,30.4,225,NA,NA,NA,NA,NA
10,13,1995,13:00, ,1387-79193,Red-tailed,Imature,NA,375,920,23.8,28.8,210,NA,NA,NA,NA,NA
10,13,1995,15:00, ,1387-79794,Red-tailed,Imature,NA,410,1135,26.4,32.4,267,NA,NA,NA,NA,NA
10,14,1995,10:05, ,1387-79195,Red-tailed,Imature,NA,384,940,26.2,29.8,220,NA,NA,NA,NA,NA
10,14,1995,13:25, ,1207-64634,Red-tailed,Imature,NA,385,920,25,32.2,238,NA,NA,NA,NA,NA
10,14,1995,13:40, ,1387-79196,Red-tailed,Imature,NA,398,1280,28,32.4,248,NA,NA,NA,NA,NA
10,15,1995,14:20, , ,Coopers,Adult,NA,NA,480,17.7,32.1,198,NA,NA,NA,NA,NA
10,15,1995,14:30, ,1387-79197,Red-tailed,Imature,NA,425,1220,27.3,33,241,NA,NA,NA,NA,NA
10,15,1995,15:00, ,1397-79198,Red-tailed,Imature,NA,401,1000,26.7,28,212,NA,NA,NA,NA,NA
10,16,1995,12:35, ,1387-79172,Red-tailed,Imature,NA,387,1120,26.8,50.2,221,NA,NA,NA,NA,NA
10,16,1995,13:33, ,1807-53105,Red-tailed,Imature,NA,376,925,26,30.8,233,NA,NA,NA,NA,NA
10,17,1995,11:10, ,1423-16223,Sharp-shinned,Adult,Male,171,90,9.9,11.9,138,NA,NA,NA,NA,NA
10,17,1995,11:45, ,1207-64635,Red-tailed,Adult,NA,420,1280,27.5,31.8,230,NA,NA,NA,NA,NA
10,18,1995,12:20, ,877-76379,Red-tailed,Imature,NA,385,985,27.5,30.8,223,NA,NA,NA,NA,NA
10,18,1995,13:05, ,2107-64631,Red-tailed,Imature,NA,405,1350,28.3,32.6,226,NA,NA,NA,NA,NA
10,18,1995,13:15, ,1807-53107,Red-tailed,Imature,NA,350,730,24.6,25.7,208,NA,NA,NA,NA,NA
10,18,1995,12:00, ,1387-79200,Red-tailed,Imature,NA,388,890,27.8,31.2,231,NA,NA,NA,NA,NA
10,18,1995,12:02, ,877-76380,Red-tailed,Imature,NA,398,1020,26.5,31.1,217,NA,NA,NA,NA,NA
10,20,1995,10:10, ,1207-64637,Red-tailed,Adult,NA,410,1000,27.1,30.6,230,NA,NA,NA,NA,NA
10,23,1995,10:30, ,2003-58469,Sharp-shinned,Imature,Female,202,150,11.7,14.1,153,NA,NA,NA,NA,NA
10,23,1995,12:20, ,1343-78405,Sharp-shinned,Imature,Female,204,180,11.5,12.4,186,NA,NA,NA,NA,NA
11,2,1995,12:05, ,8777-63481,Red-tailed,Adult,NA,382,1020,26.5,29.4,225,NA,NA,NA,NA,NA
11,2,1995,13:00, ,1207-64638,Red-tailed,Imature,NA,111,1340,26.85,31.9,226,NA,NA,NA,NA,NA
11,20,1995,14:10, ,1207-64639,Red-tailed,Imature,NA,396,1300,27.3,30.5,214,NA,NA,NA,NA,NA
11,21,1995,11:45, ,8777-6382,Red-tailed,Imature,NA,363,1015,25.5,30.1,242,NA,NA,NA,NA,NA
10,2,1996,9:47, ,1807-53108,Red-tailed,Imature,NA,360,900,30.5,28.8,220,NA,NA,NA,NA,NA
10,10,1996,10:45, ,1207-64640,Red-tailed,Imature,NA,390,1000,26.1,29.6,250,NA,NA,NA,NA,NA
10,10,1996,11:07, ,1204-45808,Sharp-shinned,Imature,Male,195,150,12.3,14.6,178,NA,NA,NA,NA,NA
10,10,1996,12:15, ,1207-64641,Red-tailed,Adult,NA,390,1050,24.8,32.5,220,NA,NA,NA,NA,NA
10,10,1996,13:20, ,1207-64642,Red-tailed,Imature,NA,380,950,24.9,29,240,NA,NA,NA,NA,NA
10,14,1996,9:40, ,1705-24609,Coopers,Imature,Male,225,350,12.6,26,215,NA,NA,NA,NA,NA
10,17,1996,13:05, ,1705-24610,Coopers,Adult,Male,247,375,16.9,18.2,160,NA,NA,NA,NA,NA
10,18,1996,10:58, ,1207-64643,Red-tailed,Adult,NA,415,1175,28.3,33.2,230,NA,NA,NA,NA,NA
10,23,1996,9:25, ,1387-92101,Red-tailed,Imature,NA,354,980,25.8,29.3,220,NA,NA,NA,NA,NA
10,24,1996,10:35, ,1387-92102,Red-tailed,Adult,NA,417,1260,29,32.8,234,NA,NA,NA,NA,NA
10,24,1996,11:18, ,1387-92103,Red-tailed,Imature,NA,379,1050,25.9,31.3,226,NA,NA,NA,NA,NA
10,25,1996,10:40, ,1207-64644,Red-tailed,Adult,NA,412,1330,29.2,32.2,218,NA,NA,NA,NA,NA
10,27,1996,16:16, ,1387-92104,Red-tailed,Adult,NA,377,980,28,29.1,209,NA,NA,NA,NA,NA
10,28,1996,12:40, ,1387-92105,Red-tailed,Imature,NA,372,920,25.3,30,228,NA,NA,NA,NA,NA
10,30,1996,9:25, , ,Red-tailed,Imature,NA,420,1540,29.9,35.5,235,NA,NA,NA,NA,NA
10,30,1996,11:30, ,1387-92106,Red-tailed,Imature,NA,368,1060,25.5,26.9,223,NA,NA,NA,NA,NA
11,1,1996,14:05, ,1207-64645,Red-tailed,Imature,NA,406,1420,29.9,32,245,NA,NA,NA,NA,NA
11,7,1996,13:20, ,1705-24611,Coopers,Imature,Male,225,400,15,20,202,NA,NA,NA,NA,NA
9,9,1997,12:01, ,1387-92125,Red-tailed,Imature,NA,392,1142,27.2,33,235,244,89.3,0,1,Empty
9,9,1997,13:06,13:26,2003-58576,Sharp-shinned,Imature,Female,191,157,12,13.8,158,162,57,2,2,Empty
9,10,1997,10:39,10:53,1423-16276,Sharp-shinned,Imature,Male,161,98,10.3,11.7,133,137,48.4,1,2,NA
9,10,1997,14:35,14:50,1387-92127,Red-tailed,Imature,NA,365,813,26.2,30.1,221,224,86.6,0,0,Empty
9,11,1997,10:05,10:32,1423-16277,Sharp-shinned,Imature,Male,156,94,9.9,11.4,125,129,48.6,1,2,NA
9,12,1997,11:00,10:20,2003-58577,Sharp-shinned,Imature,Female,191,155,16.5,14.4,158,161,54.3,0,1,Empty
9,14,1997,10:46,11:00,2003-58578,Sharp-shinned,Imature,Female,198,181,12.5,14.1,159,164,56,2,2,Empty
9,14,1997,12:35,12:50,872-09631,Sharp-shinned,Imature,Male,160,92,9.8,11,132,135,48.3,2,1,Empty
9,17,1997,12:26,13:10,872-09633,Sharp-shinned,Imature,Male,164,98,10.1,11.4,136,138,50.5,2,1,Empty
9,17,1997,13:04,13:45,1387-92128,Red-tailed,Imature,NA,352,1024,26.6,30.3,216,225,90.2,0,0,Empty
9,17,1997,15:02,14:07,1705-24626,Coopers,Imature,Female,265,464,19.2,24.1,225,229,73.3,0,0,Empty
9,18,1997,11:16,11:28,872-09634,Sharp-shinned,Imature,Male,163,100,10.4,11.2,137,139,44.5,1,1,NA
9,18,1997,14:33,14:45,1423-16228,Sharp-shinned,Imature,Female,193,186,12.8,14,155,159,57.6,3,2,NA
9,19,1997,13:05,13:36,1423-16229,Sharp-shinned,Imature,Female,190,164,11.9,14.5,155,160,57.5,2,1,Empty
9,20,1997,10:30,10:42,972-04635,Sharp-shinned,Imature,Male,165,98,10.1,11.4,138,142,50.2,0,1,Empty
9,21,1997,10:56,11:22,972-09636,Sharp-shinned,Imature,Male,162,NA,NA,NA,130,NA,NA,2,1,NA
9,21,1997,11:42,11:50,1426-16230,Sharp-shinned,Adult,Female,198,158,12.1,14.5,154,160,55,0,1,Empty
9,21,1997,11:55,12:07,1387-92129,Red-tailed,Imature,NA,370,1023,25.8,30.1,216,228,82.8,1,0,NA
9,23,1997,13:35,11:55,1202-72601,Red-tailed,Imature,NA,230,340,16.5,30.5,200,225,85.5,0,0,NA
9,23,1997,11:43,12:09,1705-24627,Coopers,Imature,Male,194,163,12.2,20,158,206,67.5,2,1,Empty
9,23,1997,12:00,12:24,1423-16231,Sharp-shinned,Imature,Female,157,92,9.8,14.7,132,160,55,1,1,Empty
9,23,1997,12:13,10:50,872-09638,Sharp-shinned,Imature,Male,260,550,19.5,11.2,215,136,49.8,1,0,Empty
9,24,1997,10:19, ,1705-24628,Coopers,Adult,Female,377,1119,25.4,23.9,226,224,24.7,1,1,Full
9,24,1997,11:20, ,1387-92130,Red-tailed,Imature,NA,364,917,26,29.6,216,225,85.1,0,0,Empty
9,25,1997,10:45, ,1387-92131,Red-tailed,Imature,NA,367,946,26.7,28.9,221,232,88.9,0,1,Empty
9,25,1997,11:00, ,1387-92132,Red-tailed,Imature,NA,233,337,15.7,31.9,196,225,87.4,0,0,NA
9,25,1997,12:05, ,1204-45809,Coopers,Imature,Male,336,742,23.4,18.8,221,205,67.2,0,0,Empty
9,26,1997,10:10, ,1423-16233,Sharp-shinned,Imature,Female,259,439,18.8,15.2,218,171,57,0,0,Empty
9,26,1997,10:59, ,1705-24629,Coopers,Imature,Female,199,187,12.2,24.2,157,221,74.4,1,1,NA
9,26,1997,13:35,13:52,1423-16232,Sharp-shinned,Imature,Female,165,92,9.7,14.6,135,162,56.5,2,1,Empty
9,26,1997,13:36,14:40,872-09639,Sharp-shinned,Imature,Male,370,1094,27.3,11.5,221,139,47.7,1,0,Empty
9,26,1997,14:26, ,1387-92133,Red-tailed,Imature,NA,362,832,23.8,32.6,210,230,87.1,0,1,Empty
9,30,1997,12:10, ,1207-72602,Red-tailed,Adult,NA,368,1244,NA,NA,220,NA,NA,NA,NA,NA
9,30,1997,12:50, ,1387-92134,Red-tailed,Imature,NA,368,1244,26.7,30.2,220,228,85.4,1,1,Empty
10,1,1997,10:50,11:00,1387-92135,Red-tailed,Imature,NA,367,974,25.2,29.6,221,240,85.2,0,0,Empty
10,1,1997,11:58,12:27,1387-92136,Red-tailed,Imature,NA,400,1289,28.6,32.1,242,261,86.9,0,0,Empty
10,1,1997,12:25,12:41,1387-92137,Red-tailed,Imature,NA,379,999,28.3,32,220,238,90.1,0,1,Empty
10,1,1997,12:32,12:59,1387-92138,Red-tailed,Imature,NA,360,994,26.5,30.4,210,232,84.8,0,1,Empty
10,1,1997,12:57,13:14,1387-92139,Red-tailed,Imature,NA,362,1004,27,31.4,221,240,86.8,0,1,Empty
10,2,1997,11:52,12:05,1387-92140,Red-tailed,Imature,NA,378,1097,28.9,33.4,236,244,91.3,0,1,Empty
10,2,1997,13:17,13:32,1423-16234,Sharp-shinned,Imature,Female,201,185,13.1,14.5,162,167,58.1,1,1,Empty
10,6,1997,12:01,12:21,1423-16235,Sharp-shinned,Imature,Male,193,181,12.8,11.5,150,152,52.4,0,0,Empty
10,6,1997,14:08,14:37,1387-92141,Red-tailed,Imature,NA,372,1092,27.2,31.8,235,239,85.2,0,1,Empty
10,8,1997,10:00,10:25,1387-92142,Red-tailed,Imature,NA,369,1049,30.1,32,231,240,84.9,0,0,Empty
10,8,1997,11:52,12:13,1387-92143,Red-tailed,Imature,NA,354,998,27.2,29.2,227,234,81.7,1,1,Empty
10,9,1997,9:57,11:07,1387-92144,Red-tailed,Imature,NA,367,1091,31.8,34.2,238,249,91.7,0,0,Empty
10,9,1997,13:00,13:32,1387-92145,Red-tailed,Imature,NA,349,987,29,31.1,225,237,89,0,0,Empty
10,9,1997,13:27,13:57,1387-92146,Red-tailed,Imature,NA,375,1151,34.1,33.7,249,250,94,1,1,NA
10,9,1997,14:27,14:50,1387-92147,Red-tailed,Imature,NA,343,971,25.1,26.1,213,224,79.3,0,0,Empty
10,9,1997,14:58,15:15,1387-92148,Red-tailed,Imature,NA,360,1159,32.9,34,240,252,91.2,1,1,Empty
10,10,1997,11:45,12:00,1387-92149,Red-tailed,Imature,NA,395,1239,26.7,33.2,231,243,90.3,0,2,Empty
10,10,1997,11:55,12:08,1397-92150,Red-tailed,Imature,NA,400,1216,28.5,32.1,227,239,84.4,0,2,Empty
10,10,1997,12:10,12:30,1423-16236,Sharp-shinned,Adult,Female,170,177,12.3,14.4,155,165,54.6,3,2,Empty
10,13,1997,14:21,14:45,1705-24630,Coopers,Imature,Female,268,469,20,24.9,227,232,75.3,1,1,Empty
10,14,1997,11:52,12:05,1387-92151,Red-tailed,Imature,NA,369,1039,26.9,29.5,223,245,87.4,1,2,Empty
10,14,1997,14:15,14:30,1387-92152,Red-tailed,Imature,NA,365,1079,25.2,30,228,239,86.2,0,0,Empty
10,16,1997,13:05,13:25,1387-92153,Red-tailed,Adult,NA,375,1159,33.8,32.7,242,252,91,1,0,Empty
10,17,1997,10:00, ,1423-16238,Sharp-shinned,Imature,Male,230,162,12.3,13.8,149,153,52.5,0,0,Empty
10,17,1997,14:35,15:00,12044-5876,Coopers,Adult,Male,213,339,23.5,13.8,184,181,71.2,0,1,Empty
10,20,1997,11:21,11:35,1387-92154,Red-tailed,Adult,NA,382,1403,34.9,34.7,247,259,92.5,0,1,Full
10,20,1997,12:34,12:50,1423-16239,Sharp-shinned,Imature,Male,168,175,12.9,14,158,167,55.9,2,2,Empty
10,20,1997,12:49,13:05,1387-92155,Red-tailed,Adult,NA,478,1473,39.2,44.7,267,272,NA,2,2,NA
10,20,1997,13:05,13:20,1387-92157,Red-tailed,Imature,NA,469,1001,29.9,43.2,257,269,NA,1,0,Empty
10,21,1997,12:16,12:33,1423-16278,Sharp-shinned,Imature,Male,172,98,8.7,10.9,148,148,53.4,1,0,Empty
10,21,1997,13:47,14:10,1387-92156,Red-tailed,Imature,NA,373,914,25.9,30.4,221,251,93.7,1,1,NA
10,23,1997,12:10,12:36,1387-92158,Red-tailed,Adult,NA,386,1059,25.5,30.5,214,227,92.5,NA,1,NA
10,23,1997,14:36,15:03,1207-72603,Red-tailed,Imature,NA,384,1147,29,35,229,236,91.9,NA,NA,NA
10,31,1997,11:00,11:47,1807-53127,Red-tailed,Imature,NA,351,949,26.8,29.7,213,216,NA,0,0,Empty
10,31,1997,11:50,12:14,872-09640,Sharp-shinned,Imature,Male,168,102,9.6,11.9,138,136,50,2,1,Empty
11,1,1997,12:21,12:34,1807-53128,Red-tailed,Imature,NA,363,973,24.8,27.3,213,220,84.1,0,1,NA
11,1,1997,14:22,14:34,1423-16240,Sharp-shinned,Imature,Female,199,196,12.4,15.2,158,163,56.5,2,2,NA
11,3,1997,11:30,12:01,12044-5877,Coopers,Imature,Male,235,327,16.5,20.3,193,196,69.2,1,1,Empty
11,3,1997,12:15, ,1387-92159,Red-tailed,Adult,NA,374,1064,26,32.1,201,210,85.2,1,1,NA
11,3,1997,12:52, ,1807-53129,Red-tailed,Imature,NA,369,749,24,26.8,216,224,60.1,0,0,Empty
11,6,1997,11:22,11:41,1343-78476,Sharp-shinned,Imature,Female,202,201,11.7,14.9,165,166,56.8,3,2,Empty
11,7,1997,11:26,11:46,1423-16241,Sharp-shinned,Imature,Female,202,180,12.4,14.1,160,164,55.3,2,2,Empty
11,10,1997,12:30,12:49,1387-92160,Red-tailed,Imature,NA,374,1213,24.9,28,244,218,87.9,1,2,Empty
11,11,1997,11:10,11:35,1387-92161,Red-tailed,Imature,NA,389,1200,28.2,30.8,230,240,81.7,2,1,Empty
11,15,1997,12:54,13:08,1387-92162,Red-tailed,Imature,NA,379,1040,25.3,29.4,227,234,80.8,1,0,Empty
11,18,1997,11:25, ,872-09641,Sharp-shinned,Imature,Male,170,113,10.6,11.1,139,141,54,0,1,Empty
9,20,1998,14:45, ,1387-92166,Red-tailed,Imature,NA,373,919,24.2,28.5,233,NA,NA,NA,NA,NA
9,21,1998,11:45, ,1207-72604,Red-tailed,Imature,NA,403,1487,26,32.5,240,NA,NA,NA,NA,NA
10,1,1998,10:42, ,1207-72606,Red-tailed,Imature,NA,400,1254,25.2,30,237,NA,NA,NA,NA,NA
10,8,1998,9:45, ,2003-58581,Sharp-shinned,Adult,Female,205,156,10.8,14.1,144,NA,NA,NA,NA,NA
10,8,1998,10:45, ,1207-72607,Red-tailed,Imature,NA,405,1189,27.7,31.3,210,NA,NA,NA,NA,NA
10,8,1998,14:10, ,1387-92173,Red-tailed,Imature,NA,382,979,24.8,27.9,225,NA,NA,NA,NA,NA
10,9,1998,11:15, ,1142-19209,Sharp-shinned,Adult,Male,165,96,10.7,11.4,125,NA,NA,NA,NA,NA
10,9,1998,12:10, ,1387-92174,Red-tailed,Imature,NA,407,1339,27.3,33.4,246,NA,NA,NA,NA,NA
10,9,1998,12:25, ,1387-92175,Red-tailed,Imature,NA,403,1199,28.8,31,225,NA,NA,NA,NA,NA
10,10,1998,11:00, ,1207-72608,Red-tailed,Imature,NA,406,1344,27.9,33.1,230,NA,NA,NA,NA,NA
10,10,1998,12:05, ,1387-92196,Red-tailed,Imature,NA,381,969,26.1,31.1,220,NA,NA,NA,NA,NA
10,12,1998,10:15, ,1387-92177,Red-tailed,Imature,NA,395,1039,26,29.7,230,NA,NA,NA,NA,NA
10,12,1998,11:45, ,1207-72609,Red-tailed,Imature,NA,410,1054,28.5,31.5,233,NA,NA,NA,NA,NA
10,12,1998,14:30, ,1204-45878,Coopers,Adult,Female,243,334,17.5,19.2,196,NA,NA,NA,NA,NA
10,14,1998,13:30, ,1423-16242,Sharp-shinned,Imature,Male,170,101,9.8,11,135,NA,NA,NA,NA,NA
10,15,1998,14:35, ,1343-78477,Sharp-shinned,Adult,Female,210,181,12.2,15,170,NA,NA,NA,NA,NA
10,21,1998,10:40, ,1207-72610,Red-tailed,Adult,NA,425,1449,30.3,33,232,NA,NA,NA,NA,NA
10,22,1998,14:01, ,1387-92178,Red-tailed,Imature,NA,402,985,26.6,29.8,234,NA,NA,NA,NA,NA
10,26,1998,10:17, ,1387-92180,Red-tailed,Adult,NA,480,1598,34.2,35.4,239,NA,NA,NA,NA,NA
10,26,1998,12:15, ,1387-92181,Red-tailed,Imature,NA,412,992,30.1,31.5,230,NA,NA,NA,NA,NA
10,29,1998,10:25, ,1705-24634,Coopers,Imature,Female,260,569,19.1,24,227,NA,NA,NA,NA,NA
11,2,1998,11:55, ,1207-72611,Red-tailed,Adult,NA,381,1354,28.2,32,213,NA,NA,NA,NA,NA
11,3,1998,14:53, ,1207-72612,Red-tailed,Adult,NA,392,969,25.9,29,207,NA,NA,NA,NA,NA
11,4,1998,10:35, ,9387-92182,Red-tailed,Imature,NA,382,1080,25.3,31,214,NA,NA,NA,NA,NA
11,4,1998,12:10, ,1343-78478,Sharp-shinned,Adult,Female,196,185,12.5,14,146,NA,NA,NA,NA,NA
11,9,1998,1:31, ,1387-92183,Red-tailed,Adult,NA,391,1097,27.9,32.8,217,NA,NA,NA,NA,NA
11,11,1998,11:48, ,1207-72613,Red-tailed,Adult,NA,397,1439,28.8,31.4,216,NA,NA,NA,NA,NA
11,11,1998,12:52, ,1807-53130,Red-tailed,Imature,NA,361,NA,24.4,27.9,214,NA,NA,NA,NA,NA
11,11,1998,14:15, ,1387-92184,Red-tailed,Imature,NA,376,1019,25.8,29.5,216,NA,NA,NA,NA,NA
11,12,1998,14:00, ,1207-726114,Red-tailed,Adult,NA,410,1239,29.5,31.8,222,NA,NA,NA,NA,NA
11,18,1998,11:30, ,1207-72615,Red-tailed,Imature,NA,381,1399,27.6,31.3,288,NA,NA,NA,NA,NA
11,19,1998,13:07, ,1387-92185,Red-tailed,Imature,NA,396,1169,27.5,25.2,238,NA,NA,NA,NA,NA
11,20,1998,10:30, ,1387-92186,Red-tailed,Imature,NA,383,1164,27,29.9,199,NA,NA,NA,NA,NA
11,20,1998,11:52, ,1343-78479,Sharp-shinned,Imature,Female,203,176,11.5,14.7,161,NA,NA,NA,NA,NA
9,5,1999,11:35, ,1387-92187,Red-tailed,Imature,NA,271,NA,27.4,33,235,236,NA,NA,2,Empty
9,7,1999,11:00, ,1205-24636,Coopers,Imature,Female,255,429,19,22.9,208,216,NA,NA,NA,NA
9,10,1999,11:05, ,1423-16243,Sharp-shinned,Imature,Female,196,160,12.3,14.7,137,136,NA,NA,4,Full
9,13,1999,10:15, ,872-09646,Sharp-shinned,Imature,Male,168,105,10.2,11,143,139,NA,NA,2,Empty
9,14,1999,15:30, ,1387-92188,Red-tailed,Imature,NA,392,890,24.1,29.2,219,200,NA,NA,0,Full
9,16,1999,12:08, ,1142-19210,Sharp-shinned,Imature,Male,163,100,9.7,11.6,128,115,NA,NA,2,Full
9,18,1999,11:10, ,2003-99306,Sharp-shinned,Imature,Female,205,NA,13.7,15,161,164,NA,NA,NA,NA
9,18,1999,12:08, ,1207-72616,Red-tailed,Imature,NA,395,1215,28.3,33,236,240,NA,NA,2,Full
9,18,1999,15:08, ,1142-19211,Sharp-shinned,Imature,Male,163,100,9.9,11.3,131,137,NA,NA,3,NA
9,18,1999,15:45, ,1387-92189,Red-tailed,Imature,NA,370,1030,27.6,31.4,225,227,NA,NA,2,Empty
9,20,1999,10:17, ,1204-45867,Coopers,Adult,Male,225,340,15.7,19.4,190,198,NA,NA,2,Full
9,21,1999,12:12, ,1213-58901,Sharp-shinned,Imature,Female,197,165,11.9,9.6,150,152,NA,NA,1,Empty
9,21,1999,13:00, ,1387-92190,Red-tailed,Imature,NA,376,985,26.4,30.3,223,219,NA,NA,1,Empty
9,22,1999,10:55, ,1387-92191,Red-tailed,Imature,NA,372,975,26.5,31.6,225,220,NA,NA,1,NA
9,23,1999,11:11, ,1207-72617,Red-tailed,Imature,NA,391,1165,28.2,32.4,241,241,NA,NA,1,Full
9,24,1999,12:30, ,1142-19212,Sharp-shinned,Imature,NA,165,95,9.7,11.2,136,138,NA,NA,1,Full
9,24,1999,14:24, ,1387-92192,Red-tailed,Imature,NA,364,1044,23.5,29,210,222,NA,NA,1,Full
9,25,1999,11:35, ,2003-99307,Sharp-shinned,Adult,Female,202,180,12.9,15,160,158,NA,NA,3,Empty
9,25,1999,12:00, ,1142-19213,Sharp-shinned,Imature,Male,163,125,9.7,10.9,135,131,NA,NA,2,Full
9,25,1999,12:35, ,1387-92193,Red-tailed,Imature,Male,381,1080,NA,32.3,223,216,NA,NA,NA,NA
9,25,1999,14:10, ,1387-92194,Red-tailed,Imature,NA,375,890,24.6,28,219,216,NA,NA,NA,NA
9,26,1999,12:55, ,1387-92195,Red-tailed,Imature,NA,392,1105,26.4,33.6,229,225,NA,NA,NA,NA
9,29,1999,13:08, ,1207-72618,Red-tailed,Adult,NA,398,1310,28.3,35.2,211,217,NA,NA,2,Empty
9,30,1999,9:20, ,1387-19197,Red-tailed,Imature,NA,371,895,26.8,31,204,206,NA,NA,1,Empty
9,30,1999,12:31, ,1387-19298,Red-tailed,Adult,NA,367,1060,26.8,31,204,206,NA,NA,3,Full
9,30,1999,13:10, ,2003-99308,Sharp-shinned,Adult,Female,193,165,13.2,14.6,146,156,NA,NA,1,Empty
10,2,1999,10:25, ,1387-19299,Red-tailed,Adult,NA,375,960,28.9,29.3,214,202,NA,NA,NA,NA
10,4,1999,13:21, ,1387-19220,Red-tailed,Imature,NA,408,1270,29.4,33,236,231,NA,NA,1,Full
10,4,1999,15:10, ,22-06-35428,Coopers,Adult,Female,252,540,20,28.8,185,211,NA,NA,1,Full
10,5,1999,9:38, ,1204-45868,Coopers,Adult,Male,237,365,17.3,19.9,195,191,NA,NA,3,NA
10,5,1999,10:43, ,1177-04601,Red-tailed,Imature,NA,399,1170,28.3,29.9,247,236,NA,NA,0,NA
10,6,1999,9:45, ,1705-24637,Coopers,Adult,Female,268,590,20,19.9,215,206,NA,NA,2,NA
10,7,1999,12:40, ,1207-72619,Red-tailed,Imature,NA,388,1225,29,31.5,227,219,NA,NA,3,Empty
10,8,1999,13:39, ,2003-99309,Sharp-shinned,Adult,Female,200,175,12.3,15.6,155,152,NA,NA,3,NA
10,11,1999,11:13, ,2003-99310,Sharp-shinned,Imature,Female,192,170,12.4,15.5,159,150,NA,NA,4,NA
10,11,1999,13:11, ,1142-19214,Sharp-shinned,Adult,Male,167,100,10,11.3,132,131,NA,NA,4,NA
10,11,1999,15:00, ,1177-04699,Red-tailed,Imature,NA,370,1060,26.6,31.9,225,220,NA,NA,2,Empty
10,11,1999,15:00, ,1142-19215,Sharp-shinned,Adult,Male,162,110,10,11.8,130,131,NA,NA,3,Full
10,12,1999,11:05, ,1177-04602,Red-tailed,Imature,NA,363,850,25.5,30,220,216,NA,NA,0,Empty
10,12,1999,11:20, ,1177-04603,Red-tailed,Imature,NA,371,1145,25.5,10.3,215,214,NA,NA,2,Full
10,13,1999,9:01, ,2003-99311,Sharp-shinned,Adult,Female,199,165,12.5,15.7,161,155,NA,NA,4,Full
10,14,1999,9:23, ,1177-04604,Red-tailed,Imature,NA,386,1090,26.1,28.2,226,225,NA,NA,2,NA
10,14,1999,9:52, ,1207-72620,Red-tailed,Imature,NA,400,1345,32.6,33.9,227,233,NA,NA,3,NA
10,14,1999,13:15, ,1177-04605,Red-tailed,Imature,NA,390,1050,26.6,29,236,232,NA,NA,1,Full
10,14,1999,13:49, ,2003-99312,Sharp-shinned,Adult,Female,199,200,12.5,14.9,169,156,NA,NA,3,Full
10,14,1999,14:45, ,1705-24639,Coopers,Adult,Female,254,505,19.6,24,212,209,NA,NA,3,NA
10,15,1999,10:08, ,1177-14606,Red-tailed,Adult,NA,382,1040,27.1,30.8,210,203,NA,NA,1,Empty
10,15,1999,10:50, ,803-05929,Sharp-shinned,Adult,Female,196,155,12.7,14.3,164,154,NA,NA,4,Empty
10,15,1999,11:29, ,1177-04607,Red-tailed,Imature,NA,354,965,26.2,28.5,226,222,NA,NA,2,Empty
10,15,1999,12:27, ,1177-04608,Red-tailed,Imature,NA,403,1105,28.9,33.2,242,236,NA,NA,1,Empty
10,15,1999,13:35, ,2003-99313,Sharp-shinned,Imature,Female,194,155,12.6,13.7,153,149,NA,NA,0,NA
10,15,1999,14:08, ,1177-04609,Red-tailed,Imature,NA,375,1045,27.2,30,221,214,NA,NA,2,Full
10,15,1999,14:39, ,1807-53131,Red-tailed,Imature,NA,369,900,24.4,27.3,220,212,NA,NA,2,Empty
10,15,1999,15:33, ,1177-04610,Red-tailed,Imature,NA,368,1015,25.7,30.3,219,216,NA,NA,2,Empty
10,16,1999,13:05, ,1177-04611,Red-tailed,Adult,NA,393,1385,27.9,32.6,225,222,NA,NA,2,Empty
10,20,1999,11:28, ,1177-04612,Red-tailed,Imature,NA,370,1165,26,31.5,221,212,NA,NA,2,NA
10,20,1999,13:07, ,1177-04613,Red-tailed,Imature,NA,378,905,28,32.3,215,216,NA,NA,0,Empty
10,21,1999,11:50, ,1177-04614,Red-tailed,Imature,NA,369,985,26,31.1,223,228,NA,NA,2,Empty
10,21,1999,13:56, ,1807-53132,Red-tailed,Imature,NA,364,800,25.5,28.6,219,211,NA,NA,2,Empty
10,22,1999,9:40, ,1177-06415,Red-tailed,Imature,NA,387,995,26.9,31.4,235,226,NA,NA,2,Empty
10,23,1999,10:40, ,1207-72621,Red-tailed,Adult,NA,410,1460,29.4,33.6,216,221,NA,NA,2,Full
10,23,1999,11:39, ,2003-99314,Sharp-shinned,Imature,Female,194,165,11.9,14.1,151,158,NA,NA,3,Empty
10,25,1999,14:00, ,1207-72622,Red-tailed,Adult,NA,410,1585,30.6,39.8,130,251,NA,NA,3,Empty
10,27,1999,11:48, ,803-05930,Sharp-shinned,Adult,Female,194,185,13.1,15.5,154,163,NA,NA,1,Empty
10,27,1999,12:55, ,1177-04616,Red-tailed,Imature,NA,373,920,25,28.3,223,226,NA,NA,2,Empty
11,1,1999,12:55, ,1207-72623,Red-tailed,Imature,NA,390,1460,29.3,35.6,221,234,NA,NA,1,NA
11,2,1999,10:00, ,1207-72624,Red-tailed,Adult,NA,404,1315,30,32.5,220,245,NA,NA,1,Empty
11,2,1999,11:35, ,1177-04617,Red-tailed,Imature,NA,375,1019,26,29.9,186,205,NA,NA,0,Full
11,3,1999,10:27, ,1207-72625,Red-tailed,Imature,NA,395,1215,29.7,31.3,217,223,NA,NA,2,Empty
11,3,1999,14:30, ,1177-04618,Red-tailed,Imature,NA,379,1005,27.8,31.4,209,224,NA,NA,1,Empty
11,4,1999,12:15, ,1207-72626,Red-tailed,Imature,NA,382,1350,27.9,29.9,215,217,NA,NA,2,Empty
11,4,1999,14:00, ,1207-72627,Red-tailed,Imature,NA,404,1145,27.7,31.8,214,226,NA,NA,1,Empty
11,5,1999,10:48, ,2003-99315,Sharp-shinned,Adult,Female,205,175,12.25,15.5,169,164,NA,NA,4,Empty
11,5,1999,14:10, ,1177-04619,Red-tailed,Adult,NA,377,1010,25.4,29,207,214,NA,NA,0,NA
11,6,1999,11:54, ,2003-99316,Sharp-shinned,Imature,Male,184,155,12,14.9,153,157,NA,NA,3,Empty
11,8,1999,12:25, ,1177-04620,Red-tailed,Imature,NA,390,1120,26.6,30,210,225,NA,NA,1,NA
11,9,1999,10:25, ,1177-14621,Red-tailed,Adult,NA,404,280,28.2,31.55,224,226,NA,NA,3,Empty
11,10,1999,10:15, ,1177-04622,Red-tailed,Imature,NA,351,775,25.4,29.3,200,215,NA,NA,1,Empty
11,10,1999,12:45, ,1207-72628,Red-tailed,Imature,NA,394,1210,29.4,31.7,207,227,NA,NA,2,Empty
11,10,1999,1:15, ,1142-19227,Sharp-shinned,Adult,Male,175,107,10,11.4,137,146,NA,NA,1,Empty
11,12,1999,13:50, ,1807-53133,Red-tailed,Adult,NA,372,909,24.4,25.4,212,216,NA,NA,2,NA
11,13,1999,10:30, ,1142-19228,Sharp-shinned,Imature,Male,169,95,10,11.85,132,144,NA,NA,2,Empty
11,13,1999,11:30, ,1177-04623,Red-tailed,Imature,NA,376,1145,25.1,31.55,226,234,NA,NA,2,NA
11,13,1999,12:05, ,1177-04624,Red-tailed,Imature,NA,399,1150,27.2,29.55,232,243,NA,NA,2,Empty
11,17,1999,13:11, ,1207-72629,Red-tailed,Imature,NA,399,1560,30,33.85,228,232,NA,NA,3,Full
11,19,1999,9:58, ,1177-04625,Red-tailed,Imature,NA,357,940,23.6,28.35,205,212,NA,NA,3,Empty
9,7,2000,10:30, ,2003-94317,Sharp-shinned,Imature,Female,195,145,11.7,14.6,155,160,NA,NA,4,Empty
9,7,2000,13:25, ,1207-22630,Red-tailed,Imature,NA,400,1089,27.3,33.1,228,238,NA,NA,1,NA
9,9,2000,9:29, ,1207-72631,Red-tailed,Imature,NA,382,1194,29.4,33.8,237,234,NA,NA,1,Empty
9,9,2000,9:38, ,1142-18229,Sharp-shinned,Imature,Male,161,95,10.1,11.3,135,129,NA,NA,4,Empty
9,13,2000,9:35, ,1177-04626,Red-tailed,Imature,NA,390,1015,28,30.1,230,220,NA,NA,2,Empty
9,13,2000,10:35, ,1177-04627,Red-tailed,Imature,NA,379,975,24.1,29.1,219,227,NA,NA,2,Empty
9,13,2000,11:35, ,1177-04628,Red-tailed,Imature,NA,376,1035,26.8,30.5,223,234,NA,NA,2,NA
9,13,2000,12:10, ,1177-04629,Red-tailed,Adult,NA,331,1055,27,30.4,210,223,NA,NA,2,Full
9,13,2000,14:02, ,1177-04630,Red-tailed,Imature,NA,371,945,26.1,30.2,222,226,NA,NA,1,Empty
9,14,2000,11:34, ,1213-58902,Sharp-shinned,Imature,Male,160,90,11,11.8,124,129,NA,NA,3,NA
9,15,2000,14:12, ,1177-04631,Red-tailed,Imature,NA,361,785,25.2,28.7,201,211,NA,NA,1,NA
9,16,2000,12:23, ,1705-37411,Coopers,Adult,Female,268,56,19.3,26.1,206,223,NA,NA,3,NA
9,18,2000,12:05, ,1207-72632,Red-tailed,Imature,NA,394,1220,30.3,34.5,234,234,NA,NA,1,Empty
9,18,2000,12:35, ,2003-99318,Sharp-shinned,Adult,Female,191,175,13,15.3,149,154,NA,NA,4,NA
9,18,2000,13:39, ,1207-77633,Red-tailed,Adult,NA,358,1025,27.4,29,204,201,NA,NA,1,Full
9,18,2000,14:33, ,1177-04632,Red-tailed,Imature,NA,380,1000,26.9,29,204,217,NA,NA,3,Full
9,21,2000,10:40, ,803-05931,Sharp-shinned,Adult,Female,188,175,12.1,14.2,154,150,NA,NA,4,Empty
9,21,2000,11:35, ,1207-72634,Red-tailed,Imature,NA,397,1210,28.3,34,224,219,NA,NA,2,NA
9,21,2000,12:58, ,803-05932,Sharp-shinned,Adult,Female,196,180,13.1,13.9,150,160,NA,NA,4,Full
9,21,2000,13:32, ,803-05933,Sharp-shinned,Adult,Female,190,175,12.8,14.6,147,149,NA,NA,4,NA
9,22,2000,13:34, ,1142-19230,Sharp-shinned,Imature,Male,161,90,9.8,11.1,130,136,NA,NA,3,NA
9,25,2000,9:50, ,1705-37412,Coopers,Adult,Female,145,320,16.5,20.5,180,196,NA,NA,1,NA
9,25,2000,12:06, ,1207-72635,Red-tailed,Imature,NA,392,1185,28.5,33,229,234,NA,NA,2,Empty
9,25,2000,12:20, ,803-05934,Sharp-shinned,Imature,Female,190,NA,11.9,14.6,153,160,NA,NA,2,NA
9,25,2000,13:18, ,1204-45869,Coopers,Imature,Male,230,350,16.4,21.3,187,206,NA,NA,2,Full
9,25,2000,14:52, ,1207-72636,Red-tailed,Adult,NA,406,NA,27,31.1,222,224,NA,NA,2,NA
9,26,2000,10:35, ,1177-04633,Red-tailed,Imature,NA,363,950,24.6,30.3,214,219,NA,NA,2,Empty
9,26,2000,11:40, ,1142-19231,Sharp-shinned,Imature,Male,162,85,10.1,11.4,132,137,NA,NA,2,Empty
9,26,2000,12:10, ,1177-04634,Red-tailed,Imature,NA,374,895,26.4,30.8,219,227,NA,NA,2,Empty
9,26,2000,12:40, ,1177-04635,Red-tailed,Imature,NA,412,1150,27.8,33.2,230,240,NA,NA,1,NA
9,26,2000,13:23, ,2206-35431,Coopers,Imature,Female,272,565,20.7,24,219,240,NA,NA,2,Empty
9,26,2000,14:25, ,1177-04636,Red-tailed,Imature,NA,388,950,26.5,32.2,230,235,NA,NA,2,Empty
9,27,2000,11:30, ,1177-04637,Red-tailed,Imature,NA,371,990,26.9,29.7,217,221,NA,NA,2,Empty
9,27,2000,12:20, ,1204-45870,Coopers,Imature,Male,225,325,15.8,18.7,179,187,NA,NA,2,NA
9,27,2000,13:00, ,1207-72637,Red-tailed,Imature,NA,391,1120,29,33.9,225,236,NA,NA,2,NA
9,28,2000,14:30, ,1142-19232,Sharp-shinned,Imature,Male,163,90,9.8,11.5,123,131,NA,NA,3,NA
9,29,2000,10:25, ,1207-72638,Red-tailed,Imature,Female,410,1120,28.5,33.6,229,237,NA,NA,2,NA
9,29,2000,11:47, ,1177-04638,Red-tailed,Imature,NA,368,820,25.2,28.7,215,205,NA,NA,2,Empty
9,29,2000,13:00, ,1177-04639,Red-tailed,Imature,Female,410,1200,26.7,29.4,247,255,NA,NA,2,Empty
9,29,2000,13:30, ,1207-74639,Red-tailed,Adult,Female,425,1120,29.4,33.3,222,227,NA,NA,2,Empty
9,30,2000,13:30, ,1177-04640,Red-tailed,Imature,NA,368,1120,24.7,30.8,220,224,NA,NA,2,Full
9,30,2000,15:01, ,1207-74640,Red-tailed,Imature,NA,392,1220,27.3,34.1,234,237,NA,NA,1,Empty
10,1,2000,14:00, ,1705-37413,Sharp-shinned,Imature,Male,250,470,18.9,25.3,192,195,NA,NA,1,Empty
10,1,2000,14:50, ,1207-72641,Red-tailed,Imature,NA,418,1310,29.1,31.9,248,255,NA,NA,2,NA
10,2,2000,13:20, ,1177-04641,Red-tailed,Imature,NA,370,920,26.8,29.7,221,223,NA,NA,3,Empty
10,3,2000,10:52, ,1142-19233,Sharp-shinned,Adult,Male,170,100,10.9,12.2,132,136,NA,NA,2,NA
10,3,2000,14:05, ,803-05935,Sharp-shinned,Adult,Female,203,180,13.2,15.6,162,164,NA,NA,3,Full
10,4,2000,10:40, ,1177-04642,Red-tailed,Adult,NA,370,955,26.5,30.5,218,223,NA,NA,2,Empty
10,4,2000,11:56, ,1207-72642,Red-tailed,Adult,NA,408,1225,28.8,32.7,225,225,NA,NA,2,Empty
10,6,2000,12:59, ,1207-72643,Red-tailed,Adult,NA,393,1400,27.9,35.3,215,221,NA,NA,3,Empty
10,7,2000,9:55, ,1177-04643,Red-tailed,Imature,NA,365,1025,24.6,30.1,225,224,NA,NA,1,Empty
10,7,2000,10:27, ,1207-72644,Red-tailed,Imature,NA,405,1140,28.2,31.9,244,249,NA,NA,1,Empty
10,7,2000,10:43, ,1207-72645,Red-tailed,Imature,NA,381,1080,26.1,31.6,232,233,NA,NA,0,Empty
10,7,2000,12:24, ,1177-04644,Red-tailed,Imature,NA,390,1135,27.6,31.1,238,239,NA,NA,2,Empty
10,7,2000,15:12, ,1207-72646,Red-tailed,Imature,NA,384,1430,29.8,35,231,235,NA,NA,1,NA
10,8,2000,12:25, ,1177-04645,Red-tailed,Imature,NA,390,1050,25.6,29.9,218,221,NA,NA,1,NA
10,8,2000,13:29, ,1177-04646,Red-tailed,Imature,NA,381,920,27,29.6,223,226,NA,NA,1,NA
10,9,2000,10:10, ,803-05936,Sharp-shinned,Adult,Female,194,175,12.4,14,152,152,NA,NA,4,Full
10,9,2000,14:00, ,1807-82702,Red-tailed,Imature,NA,371,905,23.6,26.8,197,204,NA,NA,3,NA
10,9,2000,14:26, ,1177-04647,Red-tailed,Imature,NA,356,915,26.4,28.9,195,204,NA,NA,2,Empty
10,9,2000,14:38, ,1177-04648,Red-tailed,Imature,NA,377,910,25,29,206,217,NA,NA,1,Empty
10,10,2000,13:57, ,1177-04649,Red-tailed,Imature,NA,362,950,25.4,29.7,213,215,NA,NA,2,NA
10,11,2000,12:21, ,1142-19234,Sharp-shinned,Adult,Male,165,105,10.1,11.8,127,132,NA,NA,4,Full
10,12,2000,10:10, ,1142-19235,Sharp-shinned,Adult,Male,155,100,9.3,11.8,122,130,NA,NA,4,NA
10,12,2000,13:35, ,1207-72647,Red-tailed,Imature,NA,400,1225,27.3,34.2,222,233,NA,NA,2,Empty
10,13,2000,9:33, ,1142-19236,Sharp-shinned,Adult,Male,161,105,10.4,12,124,138,NA,NA,2,Empty
10,13,2000,9:58, ,1207-72648,Red-tailed,Imature,NA,387,1090,27.9,32.4,227,227,NA,NA,2,Empty
10,13,2000,11:08, ,1207-72649,Red-tailed,Imature,NA,409,1350,30,32.7,235,245,NA,NA,2,Empty
10,13,2000,12:35, ,2003-99320,Sharp-shinned,Adult,Female,195,200,13,13.4,158,172,NA,NA,3,Full
10,13,2000,14:45, ,2003-99321,Sharp-shinned,Adult,Female,196,200,13.5,15.4,150,156,NA,NA,4,Empty
10,14,2000,11:35, ,1142-19237,Sharp-shinned,Adult,Male,169,100,10,11.7,133,135,NA,NA,3,Full
10,14,2000,12:07, ,1177-04650,Red-tailed,Imature,NA,385,940,26.2,30.5,228,235,NA,NA,2,Empty
10,14,2000,13:07, ,1807-82703,Red-tailed,Imature,NA,377,920,24.7,29.3,219,225,NA,NA,2,Empty
10,14,2000,13:12, ,1177-04651,Red-tailed,Imature,NA,400,1190,29.4,33.3,231,237,NA,NA,2,Empty
10,15,2000,12:50, ,1142-19238,Sharp-shinned,Imature,Male,164,90,9.4,10.7,127,132,NA,NA,3,Empty
10,16,2000,14:30, ,1142-19239,Sharp-shinned,Adult,Male,165,95,10.4,11.4,127,130,NA,NA,3,Empty
10,17,2000,15:03, ,1177-04652,Red-tailed,Imature,NA,363,915,25,28.3,209,219,NA,NA,2,Empty
10,18,2000,12:14, ,2206-35432,Coopers,Adult,Female,266,535,18.8,25.4,223,229,NA,NA,3,Empty
10,18,2000,14:28, ,1177-04653,Red-tailed,Imature,NA,403,1310,29.1,33.3,237,241,NA,NA,2,Empty
10,19,2000,12:14, ,1177-04654,Red-tailed,Imature,NA,375,950,26.9,30.1,210,211,NA,NA,2,Empty
10,19,2000,13:38, ,1142-09240,Sharp-shinned,Adult,Male,166,120,10.1,11.7,133,137,NA,NA,2,Full
10,20,2000,9:48, ,1177-04655,Red-tailed,Imature,NA,373,975,26.1,27.9,215,221,NA,NA,2,Empty
10,20,2000,11:46, ,1177-04656,Red-tailed,Imature,NA,373,990,27.9,31,217,219,NA,NA,2,Empty
10,20,2000,12:38, ,1142-09241,Sharp-shinned,Adult,Male,170,110,11.4,121,135,143,NA,NA,1,Full
10,20,2000,14:12, ,1177-04657,Red-tailed,Adult,NA,373,1270,26.5,29.6,207,210,NA,NA,2,Empty
10,20,2000,14:27, ,1807-82704,Red-tailed,Imature,NA,354,960,26,31,211,213,NA,NA,3,NA
10,20,2000,14:45, ,1207-72650,Red-tailed,Imature,NA,394,1290,28.8,30.7,225,232,NA,NA,2,Empty
10,21,2000,9:22, ,1142-09242,Sharp-shinned,Imature,Male,165,95,10.2,11.6,131,139,NA,NA,3,Empty
10,21,2000,13:57, ,1705-24640,Coopers,Adult,Female,261,505,19.2,25.1,203,203,NA,NA,2,Empty
10,21,2000,14:12, ,1177-04658,Red-tailed,Imature,NA,377,1045,26.9,31.5,223,225,NA,NA,2,Empty
10,25,2000,12:51, ,1177-04659,Red-tailed,Imature,NA,364,1090,27.1,30.3,218,223,NA,NA,2,Full
10,25,2000,13:45, ,1177-04660,Red-tailed,Imature,NA,385,1180,28.6,30,222,225,NA,NA,2,Empty
10,26,2000,9:21, ,1177-04661,Red-tailed,Imature,NA,390,1195,27.6,34.7,235,237,NA,NA,2,Empty
10,26,2000,10:53, ,1177-04662,Red-tailed,Adult,NA,383,1055,27.7,32.7,208,208,NA,NA,2,Empty
10,26,2000,12:53, ,1177-04663,Red-tailed,Imature,NA,365,1025,26.1,30.3,216,223,NA,NA,2,Empty
10,27,2000,10:49, ,803-05937,Sharp-shinned,Imature,Female,201,175,12,14.8,157,163,NA,NA,3,Empty
10,27,2000,13:15, ,1177-04664,Red-tailed,Imature,NA,376,940,25.1,31.7,217,220,NA,NA,2,Empty
10,27,2000,14:49, ,1207-72651,Red-tailed,Adult,NA,402,1335,28.3,33.3,219,217,NA,NA,2,NA
10,29,2000,9:45, ,1177-04665,Red-tailed,Imature,NA,394,1085,29.4,32.7,235,230,NA,NA,1,NA
10,29,2000,13:36, ,1204-45871,Coopers,Imature,Male,223,375,16.2,20.7,185,208,NA,NA,2,Full
10,30,2000,11:20, ,1177-04666,Red-tailed,Adult,NA,378,1090,28,30.9,212,217,NA,NA,2,NA
11,1,2000,12:08, ,1177-04667,Red-tailed,Imature,NA,369,995,26,28.2,211,225,NA,NA,2,Empty
11,1,2000,13:16, ,1177-04668,Red-tailed,Adult,NA,378,1090,28,30.7,201,209,NA,NA,1,NA
11,2,2000,9:55, ,1177-04669,Red-tailed,Adult,NA,262,1020,28,31.2,200,207,NA,NA,2,Empty
11,2,2000,10:28, ,1142-19243,Sharp-shinned,Imature,Male,165,100,10.6,12.1,137,150,NA,NA,4,Full
11,2,2000,12:47, ,1177-04670,Red-tailed,Adult,NA,379,1000,28.6,32.2,217,224,NA,NA,1,Empty
11,3,2000,9:42, ,1177-04671,Red-tailed,Imature,NA,380,1085,27.4,33.3,223,225,NA,NA,1,Empty
11,4,2000,11:20, ,1177-04672,Red-tailed,Adult,NA,380,1045,24.9,27,199,206,NA,NA,2,Empty
11,4,2000,13:10, ,1177-04673,Red-tailed,Imature,NA,393,1060,27.7,32.4,217,225,NA,NA,1,Empty
11,4,2000,13:24, ,1207-72652,Red-tailed,Adult,NA,389,1135,27.1,32.1,207,210,NA,NA,2,Empty
11,8,2000,10:31, ,1207-72653,Red-tailed,Imature,NA,395,1210,28.5,28.5,222,223,NA,NA,3,Empty
11,12,2000,13:50, ,2003-99233,Sharp-shinned,Imature,Female,207,185,13,14.3,163,172,NA,NA,2,Full
11,14,2000,11:40, ,1807-82705,Red-tailed,Imature,NA,367,965,24.8,24.1,217,220,NA,NA,3,Empty
11,14,2000,11:57, ,1177-04674,Red-tailed,Adult,NA,368,905,26.8,27,200,204,NA,NA,0,NA
11,18,2000,10:47, ,1177-04675,Red-tailed,Imature,NA,377,1125,25.3,29.5,220,226,NA,NA,2,Empty
11,20,2000,11:15, ,1177-04676,Red-tailed,Imature,NA,374,950,27.2,29.8,216,224,NA,NA,2,Full
11,21,2000,12:03, ,1177-04677,Red-tailed,Adult,NA,385,1195,27.3,30.9,216,227,NA,NA,3,Empty
9,3,2001,13:30, ,1177-04698,Red-tailed,Imature,NA,363,1005,25,31.6,222,226,NA,NA,2,Empty
9,9,2001,11:51, ,1142-19244,Sharp-shinned,Imature,Male,164,95,11.4,130,136,136,NA,NA,4,Empty
9,10,2001,9:39, ,2003-99323,Sharp-shinned,Adult,Female,199,175,12.3,15,142,149,NA,NA,4,Empty
9,10,2001,14:05, ,1177-04678,Red-tailed,Imature,NA,378,995,26.2,30,213,222,NA,NA,2,Empty
9,12,2001,11:03, ,803-05938,Sharp-shinned,Imature,Female,200,165,12.1,14.2,154,158,NA,NA,4,NA
9,12,2001,11:35, ,1207-72654,Red-tailed,Imature,NA,405,1170,29.25,39.8,226,230,NA,NA,2,Empty
9,13,2001,10:20, ,2003-99324,Sharp-shinned,Imature,Female,194,145,12,14.6,156,161,NA,NA,3,Empty
9,13,2001,11:00, ,2003-99325,Sharp-shinned,Imature,Female,190,175,12.4,15.2,160,159,NA,NA,1,NA
9,13,2001,13:03, ,2003-99326,Sharp-shinned,Imature,Female,195,170,13.1,14.8,149,161,NA,NA,2,Full
9,14,2001,10:35, ,1213-58903,Sharp-shinned,Imature,Male,161,105,10.3,11.2,131,135,NA,NA,3,Full
9,14,2001,13:05, ,1213-58904,Sharp-shinned,Imature,Male,168,95,10,11.4,137,139,NA,NA,3,NA
9,14,2001,13:55, ,1213-58905,Sharp-shinned,Imature,Male,160,95,9.8,10.8,126,132,NA,NA,2,Full
9,16,2001,14:00, ,1177-04679,Red-tailed,Imature,NA,392,1085,31.2,34.6,210,219,NA,NA,1,Empty
9,19,2001,10:11, ,2003-99327,Sharp-shinned,Imature,Female,201,165,12.3,14.8,165,168,NA,NA,4,Empty
9,19,2001,11:55, ,1207-72655,Red-tailed,Imature,NA,395,1115,27.4,32.7,235,240,NA,NA,1,Empty
9,20,2001,12:50, ,1207-72656,Red-tailed,Imature,NA,390,1195,27.6,33,222,228,NA,NA,1,NA
9,22,2001,9:45, ,1142-19245,Sharp-shinned,Imature,Male,161,100,9.8,11.9,129,132,NA,NA,3,Empty
9,22,2001,10:45, ,1705-24641,Coopers,Adult,Male,230,365,16.9,23.55,192,204,NA,NA,3,NA
9,22,2001,14:57, ,2003-99328,Sharp-shinned,Imature,Female,192,170,11.9,9.5,156,161,NA,NA,4,NA
9,24,2001,12:50, ,1213-58906,Sharp-shinned,Imature,Male,156,90,9.8,11.3,135,138,NA,NA,1,Empty
9,24,2001,14:20, ,1213-58907,Sharp-shinned,Imature,Male,158,95,10.7,11.1,129,136,NA,NA,2,Full
9,26,2001,10:15, ,1142-19246,Sharp-shinned,Imature,Male,167,115,9.8,11.4,131,135,NA,NA,3,Full
9,26,2001,12:20, ,804-00201,Sharp-shinned,Imature,Female,199,155,11.9,14.5,160,165,NA,NA,4,Empty
9,27,2001,13:40, ,1705-24642,Coopers,Imature,Female,320,229,17,21,195,199,NA,NA,2,Empty
9,30,2001,12:33, ,1207-72657,Red-tailed,Adult,NA,389,1165,29,33.1,223,226,NA,NA,2,Empty
10,2,2001,11:00, ,804-00202,Coopers,Imature,Male,227,155,17.1,21,192,204,NA,NA,1,NA
10,2,2001,13:15, ,804-00203,Coopers,Adult,Male,230,340,16.1,20.2,198,202,NA,NA,2,Empty
10,3,2001,10:29, ,2003-99329,Sharp-shinned,Adult,Female,199,180,12,15.5,152,159,NA,NA,4,Empty
10,5,2001,14:29, ,1177-04680,Red-tailed,Imature,NA,378,235,25.4,30.7,223,231,NA,NA,1,NA
10,9,2001,13:25, ,1142-19247,Sharp-shinned,Imature,Male,164,105,10.2,11.2,132,137,NA,NA,2,Full
10,9,2001,14:58, ,1207-72658,Red-tailed,Adult,NA,385,1085,27.5,30.8,216,226,NA,NA,2,NA
10,14,2001,9:36, ,1177-04681,Red-tailed,Imature,NA,369,970,26.1,30.4,207,212,NA,NA,2.5,Empty
10,14,2001,10:27, ,1177-04682,Red-tailed,Imature,NA,378,1030,28.5,31.9,218,223,NA,NA,2,Empty
10,14,2001,11:52, ,1177-04683,Red-tailed,Imature,NA,373,1015,25.5,29.6,215,335,NA,NA,2.5,Empty
10,14,2001,12:20, ,1177-04684,Red-tailed,Adult,NA,419,1030,29.2,31.5,224,229,NA,NA,2.5,Empty
10,14,2001,14:12, ,1177-04685,Red-tailed,Imature,NA,414,1215,26.4,29.2,242,232,NA,NA,2,Empty
10,15,2001,13:20, ,2003-99330,Sharp-shinned,Adult,Female,203,185,13.5,14.2,157,170,NA,NA,2.5,Empty
10,17,2001,9:50, ,1142-19248,Sharp-shinned,Adult,Male,162,95,10.2,11,119,121,NA,NA,3,NA
10,17,2001,10:36, ,1142-19249,Sharp-shinned,Imature,Male,165,95,10,11,130,138,NA,NA,3,Empty
10,17,2001,10:58, ,1142-19250,Sharp-shinned,Adult,Male,161,95,9.7,11,124,134,NA,NA,4,NA
10,17,2001,11:35, ,1142-19251,Sharp-shinned,Imature,Male,161,110,10.1,11.8,130,137,NA,NA,2,NA
10,17,2001,12:59, ,1177-04686,Red-tailed,Imature,NA,404,1170,28.4,32.8,237,240,NA,NA,1,Empty
10,17,2001,13:48, ,1142-19252,Sharp-shinned,Imature,Male,165,105,10.4,11.2,140,139,NA,NA,3,NA
10,17,2001,14:03, ,2003-99331,Sharp-shinned,Adult,Female,199,175,12.8,14.5,159,160,NA,NA,3,Empty
10,18,2001,9:24, ,1142-19253,Sharp-shinned,Imature,Male,171,95,10.9,11.7,138,145,NA,NA,3,Empty
10,18,2001,9:58, ,2003-99332,Sharp-shinned,Adult,Female,213,190,13.7,15.2,159,269,NA,NA,4,Empty
10,18,2001,10:11, ,1142-19254,Sharp-shinned,Adult,Male,169,105,10.2,11.8,136,142,NA,NA,3,Full
10,18,2001,10:35, ,1207-72659,Red-tailed,Imature,NA,379,1435,27.4,32.7,221,221,NA,NA,3,Empty
10,18,2001,12:00, ,1207-72660 ,Red-tailed,Imature,NA,407,1235,30.1,35.8,243,246,NA,NA,2,Empty
10,18,2001,12:42, ,1177-04689,Red-tailed,Imature,NA,376,1055,29.5,32.2,222,220,NA,NA,3,Empty
10,18,2001,13:56, ,1177-04688,Red-tailed,Imature,NA,380,1105,22,30.8,208,212,NA,NA,2,NA
10,18,2001,14:29, ,1142-19255,Sharp-shinned,Adult,Male,172,120,9.8,11.8,132,141,NA,NA,2,Full
10,18,2001,15:30, ,1207-72661,Red-tailed,Imature,NA,408,1390,28.4,32.7,245,243,NA,NA,1,NA
10,19,2001,11:53, ,1142-19256,Sharp-shinned,Adult,Male,167,105,10.3,10.8,131,138,NA,NA,2,Empty
10,19,2001,12:42, ,1177-04690,Red-tailed,Adult,NA,374,1080,26.5,31.3,206,214,NA,NA,3,Empty
10,21,2001,12:48, ,1177-04691,Red-tailed,Imature,NA,376,910,26.1,32.2,220,224,NA,NA,2,Empty
10,23,2001,10:55, ,1705-24643,Coopers,Imature,Female,258,490,18,24.2,214,214,NA,NA,2,Empty
10,23,2001,12:24, ,1807-66307,Red-tailed,Imature,NA,370,845,25,27.4,217,220,NA,NA,2,Empty
10,23,2001,12:55, ,2003-99333,Sharp-shinned,Adult,Female,202,175,13.3,14.9,162,171,NA,NA,3.5,Empty
10,25,2001,10:29, ,1807-66308,Red-tailed,Imature,NA,363,865,25.6,27.3,210,211,NA,NA,3,Empty
10,25,2001,11:04, ,2003-99334,Sharp-shinned,Adult,Female,200,180,11.9,13.5,163,173,NA,NA,3,Empty
10,25,2001,11:50, ,1177-04692,Red-tailed,Imature,NA,372,2030,26.2,30.2,196,204,NA,NA,3,Empty
10,25,2001,12:55, ,1807-66309,Red-tailed,Adult,NA,378,960,24.6,30,206,214,NA,NA,3,Empty
10,26,2001,12:20, ,1750-24644,Coopers,Adult,Female,254,515,19.5,23.8,218,221,NA,NA,3,Empty
10,26,2001,13:00, ,1177-04694,Red-tailed,Imature,NA,361,970,26.3,30.7,218,219,NA,NA,2,Empty
10,28,2001,10:46, ,1177-04695,Red-tailed,Adult,NA,389,1265,26.6,30.6,210,217,NA,NA,3,NA
10,28,2001,11:37, ,1207-72662,Red-tailed,Adult,NA,404,1300,29.4,32.8,224,229,NA,NA,4,Empty
10,31,2001,13:30, ,2003-99335,Sharp-shinned,Imature,Female,195,170,12.9,14.7,154,162,NA,NA,2,Full
11,1,2001,11:45, ,2003-99336,Sharp-shinned,Imature,Female,203,191,13.5,15.5,161,166,NA,NA,3,Empty
11,1,2001,13:45, ,1705-24645,Coopers,Adult,Female,253,540,19.1,22.6,209,214,NA,NA,3,Empty
11,2,2001,9:41, ,2003-99337,Sharp-shinned,Imature,Female,199,185,12,14.9,157,162,NA,NA,4,Empty
11,3,2001,13:58, ,2003-99338,Sharp-shinned,Imature,Female,194,165,11.9,14.4,158,160,NA,NA,4,NA
11,3,2001,14:23, ,2003-99339,Sharp-shinned,Adult,Female,196,205,12.2,14,156,159,NA,NA,3,Full
11,5,2001,14:40, ,1142-19257,Sharp-shinned,Imature,Male,168,95,10.4,12.1,133,142,NA,NA,3,Empty
11,6,2001,13:05, ,1177-04696,Red-tailed,Adult,NA,395,1170,25.8,30.5,218,225,NA,NA,3,NA
11,7,2001,11:15, ,1177-04697,Red-tailed,Imature,NA,368,1075,27.7,31.7,213,222,NA,NA,3,Empty
11,7,2001,13:15, ,803-05939,Sharp-shinned,Imature,Female,210,200,12.1,15.3,165,174,NA,NA,4,Empty
11,9,2001,9:40, ,1177-04700,Red-tailed,Imature,NA,401,965,25.8,29.1,235,241,NA,NA,2,Empty
11,9,2001,10:40, ,1807-53134,Red-tailed,Imature,NA,355,785,22.7,25,206,212,NA,NA,2,NA
11,10,2001,10:27, ,1177-04701,Red-tailed,Adult,NA,377,1095,25.6,31.7,206,210,NA,NA,3,Empty
11,11,2001,9:44, ,2003-99340,Sharp-shinned,Imature,Female,197,160,12,14.7,153,162,NA,NA,4,Empty
11,14,2001,10:04, ,1142-19258,Sharp-shinned,Imature,Male,171,95,9.1,11.5,135,142,NA,NA,3,Empty
11,19,2001,9:48, ,1177-04702,Red-tailed,Adult,NA,277,1500,29.7,32.1,207,217,NA,NA,4,Empty
11,19,2001,14:05, ,1207-72663,Red-tailed,Adult,NA,435,1595,27.4,34.5,230,233,NA,NA,3,NA
9,4,2002,10:00, ,1177-04703,Red-tailed,Imature,NA,372,985,25.4,31,224,227,NA,NA,3,Empty
9,5,2002,12:45, ,1705-24648,Coopers,Adult,Female,260,565,20,24.2,216,215,NA,NA,2,Empty
9,8,2002,12:20, ,1177-04704,Red-tailed,Imature,NA,390,240,25.2,29.3,218,215,NA,NA,2,NA
9,8,2002,12:44, ,1177-04705,Red-tailed,Imature,NA,359,875,26,31.1,215,220,NA,NA,2,Empty
9,10,2002,12:39, ,1177-04706,Red-tailed,Imature,NA,393,1225,29,33.4,226,224,NA,NA,2,Empty
9,12,2002,10:13, ,1207-72664,Red-tailed,Imature,NA,402,1255,30.6,34.6,242,243,NA,NA,3,NA
9,12,2002,11:51, ,1177-04707,Red-tailed,Imature,NA,362,950,26.8,30.7,212,219,NA,NA,2,Empty
9,13,2002,12:55, ,1705-14646,Coopers,Imature,Male,227,330,16,18.5,193,205,NA,NA,3,NA
9,16,2002,13:14, ,1807-53135,Red-tailed,Adult,NA,359,895,27.5,30.1,201,219,NA,NA,2,NA
9,17,2002,11:20, ,1142-19259,Sharp-shinned,Imature,Male,155,100,9.8,12,129,133,NA,NA,3,Empty
9,18,2002,12:08, ,1705-24647,Coopers,Imature,Female,261,455,17.1,26.8,216,220,NA,NA,2,Empty
9,19,2002,9:30, ,1142-19260,Sharp-shinned,Imature,Male,160,90,10.3,11.5,132,132,NA,NA,3,Empty
9,19,2002,12:01, ,1142-19261,Sharp-shinned,Imature,Male,166,105,11.3,11.4,131,139,NA,NA,2,Full
9,21,2002,13:38, ,1207-72665,Red-tailed,Imature,NA,362,1305,28.2,34.3,234,235,NA,NA,2,Full
9,22,2002,10:50, ,1177-04708,Red-tailed,Imature,NA,375,975,27.2,31.8,220,226,NA,NA,2,Empty
9,22,2002,11:57, ,1177-04709,Red-tailed,Imature,NA,388,1185,28.9,34.3,225,226,NA,NA,3,Empty
9,22,2002,13:47, ,1177-04710,Red-tailed,Imature,NA,392,1030,26.1,30.5,214,215,NA,NA,2,Empty
9,22,2002,14:29, ,1207-72666,Red-tailed,Imature,NA,412,1215,28.7,34.1,230,237,NA,NA,2,Empty
9,23,2002,13:15, ,1177-04711,Red-tailed,Imature,NA,371,1075,26.9,32.8,220,220,NA,NA,2,Empty
9,23,2002,14:23, ,1705-24649,Coopers,Adult,Female,255,960,19.7,42.8,200,213,NA,NA,3,NA
9,24,2002,12:50, ,1807-53136,Red-tailed,Imature,NA,391,795,24.3,27.6,209,210,NA,NA,3,Empty
9,24,2002,13:26, ,2003-99341,Sharp-shinned,Imature,Female,190,180,12.2,14.2,156,161,NA,NA,4,NA
9,25,2002,12:36, ,1177-04712,Red-tailed,Imature,NA,385,1225,27.8,32,225,228,NA,NA,3,Empty
9,25,2002,14:05, ,1142-19262,Sharp-shinned,Imature,Male,166,110,10,11.9,139,141,NA,NA,3,Full
9,26,2002,10:49, ,2003-99342,Sharp-shinned,Adult,Female,197,165,12.2,14.9,159,159,NA,NA,4,Empty
9,29,2002,10:10, ,1177-04713,Red-tailed,Imature,NA,370,920,26.3,32,226,230,NA,NA,2,Empty
9,29,2002,10:50, ,2003-99345,Sharp-shinned,Imature,Female,190,170,12,15,154,160,NA,NA,4,Full
9,29,2002,12:52, ,1207-72667,Red-tailed,Imature,NA,400,1315,29.6,34,230,238,NA,NA,2,Full
9,29,2002,13:06, ,1142-19263,Sharp-shinned,Imature,Male,162,100,9.4,11.1,131,137,NA,NA,3,Full
9,30,2002,11:26, ,2003-00344,Sharp-shinned,Imature,Female,194,155,12.5,14.5,156,160,NA,NA,4,Empty
9,30,2002,11:45, ,1207-72668,Red-tailed,Imature,NA,395,1155,29.9,34.4,233,230,NA,NA,2,Empty
9,30,2002,12:46, ,1207-72669,Red-tailed,Imature,NA,403,1160,29,32.3,235,236,NA,NA,3,NA
10,3,2002,9:58, ,1177-04714,Red-tailed,Imature,NA,386,955,27.9,30.4,226,239,NA,NA,3,Empty
10,4,2002,9:53, ,803-05940,Sharp-shinned,Adult,Female,193,190,13.1,14.9,145,146,NA,NA,4,Empty
10,4,2002,15:15, ,2003-99346,Sharp-shinned,Adult,Female,203,180,13.8,14.7,156,166,NA,NA,2,Empty
10,5,2002,8:34, ,1142-19264,Sharp-shinned,Adult,Male,159,90,10,11.5,130,134,NA,NA,3,Empty
10,5,2002,9:59, ,1142-19265,Sharp-shinned,Imature,Male,163,100,9.8,11.7,130,129,NA,NA,3,NA
10,5,2002,10:34, ,2003-99348,Sharp-shinned,Adult,Male,191,190,12.4,14.8,147,155,NA,NA,3,Full
10,5,2002,13:08, ,1142-19266,Sharp-shinned,Imature,Male,166,105,10.3,12,141,142,NA,NA,3,Empty
10,5,2002,13:30, ,1177-04715,Red-tailed,Imature,NA,361,1030,27,30.5,231,233,NA,NA,2,Empty
10,5,2002,14:27, ,1705-37416,Coopers,Adult,Female,260,565,19.7,54.5,205,212,NA,NA,2,Empty
10,6,2002,9:48, ,804-00205,Coopers,Adult,Male,234,380,12.4,21.9,192,195,NA,NA,3,Empty
10,6,2002,10:43, ,1177-04716,Red-tailed,Imature,NA,377,1040,28.1,30.9,225,231,NA,NA,2,Empty
10,6,2002,12:03, ,1807-53137,Red-tailed,Imature,NA,361,910,24.3,27.5,205,210,NA,NA,3,Empty
10,6,2002,12:34, ,1177-04717,Red-tailed,Imature,NA,375,1005,26,32.5,226,234,NA,NA,2,Empty
10,6,2002,14:56, ,2003-99349,Sharp-shinned,Imature,Female,193,180,11.9,14.3,156,163,NA,NA,4,Empty
10,7,2002,9:40, ,803-05941,Sharp-shinned,Imature,Female,196,175,12.4,15.6,153,159,NA,NA,4,Empty
10,7,2002,13:25, ,1142-19267,Sharp-shinned,Imature,Male,159,105,9.8,11,131,137,NA,NA,4,NA
10,7,2002,13:25, ,1213-58908,Sharp-shinned,Imature,Female,192,190,11.8,14.2,155,162,NA,NA,3,Full
10,7,2002,13:29, ,1207-72670,Red-tailed,Imature,NA,401,1250,28.2,35.3,230,235,NA,NA,2.5,Empty
10,8,2002,14:40, ,2003-99350,Sharp-shinned,Imature,Female,198,185,12.6,15.2,165,169,NA,NA,3,NA
10,10,2002,11:36, ,1177-04718,Red-tailed,Imature,NA,407,1275,27.5,33.7,238,245,NA,NA,2,Empty
10,10,2002,12:46, ,1142-19268,Sharp-shinned,Imature,Male,162,105,9.8,12.5,132,138,NA,NA,2.5,Full
10,11,2002,11:23, ,2206-35435,Coopers,Adult,Female,169,640,16.7,23.6,233,230,NA,NA,2.5,Full
10,11,2002,14:50, ,1142-19269,Sharp-shinned,Imature,Male,168,100,10.5,10.7,135,140,NA,NA,1,NA
10,13,2002,9:38, ,1142-19270,Sharp-shinned,Adult,Male,168,105,10.7,11.6,134,136,NA,NA,3,Empty
10,13,2002,10:00, ,804-00206,Coopers,Adult,Male,223,390,15.9,20.6,181,187,NA,NA,2.5,Full
10,13,2002,10:42, ,1177-04719,Red-tailed,Imature,NA,375,1030,26.9,31.3,217,226,NA,NA,2,Empty
10,13,2002,11:33, ,1177-04720,Red-tailed,Adult,NA,406,1290,29.3,33.3,227,226,NA,NA,2,Empty
10,14,2002,9:50, ,1177-04721,Red-tailed,Imature,NA,386,1020,26.9,31.6,230,231,NA,NA,2,Empty
10,14,2002,10:14, ,1142-19271,Sharp-shinned,Adult,Male,160,105,9.9,11.4,136,140,NA,NA,4,Empty
10,14,2002,12:59, ,1177-04722,Red-tailed,Imature,NA,378,1055,26.5,29.9,217,226,NA,NA,3,Empty
10,14,2002,14:16, ,803-05942,Sharp-shinned,Adult,Female,193,185,12.3,14.8,154,158,NA,NA,3,NA
10,17,2002,9:46, ,1177-04723,Red-tailed,Imature,NA,379,1010,25,29.3,216,230,NA,NA,2,Empty
10,18,2002,10:00, ,1177-04724,Red-tailed,Imature,NA,364,1015,24.9,29.5,215,219,NA,NA,2,NA
10,18,2002,12:50, ,1177-04725,Red-tailed,Adult,NA,350,1115,29.5,30.3,199,204,NA,NA,2,NA
10,18,2002,13:10, ,1207-7267,Red-tailed,Imature,NA,380,1320,26.7,31.6,210,216,NA,NA,3,Empty
10,19,2002,10:34, ,1207-72672,Red-tailed,Adult,NA,395,1180,30.3,33.4,217,222,NA,NA,3,Empty
10,19,2002,11:22, ,1177-04726,Red-tailed,Imature,NA,372,1145,25.9,32.2,212,225,NA,NA,3.5,NA
10,19,2002,13:22, ,1177-04727,Red-tailed,Imature,NA,376,995,28,30.2,223,228,NA,NA,2,Empty
10,20,2002,13:24, ,1177-04728,Red-tailed,Imature,NA,367,1045,26.1,30.5,215,221,NA,NA,2,NA
10,21,2002,11:05, ,1204-5874,Coopers,Imature,Male,230,340,16,19.5,196,198,NA,NA,3,Empty
10,21,2002,13:55, ,1807-53138,Red-tailed,Imature,NA,366,935,25.7,27.1,218,222,NA,NA,3,NA
10,23,2002,12:56, ,1177-04729,Red-tailed,Imature,NA,386,1065,26.1,31,221,229,NA,NA,2,NA
10,26,2002,12:45, ,1177-04730,Red-tailed,Imature,NA,375,1110,27.7,31.3,215,217,NA,NA,3,Empty
10,30,2002,10:30, ,2003-99351,Sharp-shinned,Imature,Female,199,190,12,15.2,163,173,NA,NA,4,Empty
10,30,2002,12:40, ,1177-04731,Red-tailed,Adult,NA,405,1255,27.9,31.8,218,225,NA,NA,3,Empty
10,31,2002,10:18, ,1177-04732,Red-tailed,Adult,NA,371,1015,24.9,28.4,204,208,NA,NA,2,Empty
10,31,2002,12:00, ,2003-99352,Sharp-shinned,Imature,Female,193,190,12.2,15.2,151,156,NA,NA,3,Empty
10,31,2002,12:15, ,1177-04733,Red-tailed,Imature,NA,350,960,26.6,29.9,218,224,NA,NA,2,Empty
10,31,2002,13:20, ,2003-99353,Sharp-shinned,Imature,Female,193,200,11.3,13.5,155,161,NA,NA,4,Empty
11,1,2002,10:50, ,1177-04734,Red-tailed,Adult,NA,368,1090,27.3,30.4,216,220,NA,NA,2,Empty
11,2,2002,10:34, ,2003-99354,Sharp-shinned,Imature,Male,185,170,12,14.7,156,160,NA,NA,4,Empty
11,2,2002,10:48, ,1177-04735,Red-tailed,Imature,NA,372,1085,25.4,29.8,220,220,NA,NA,2,Empty
11,2,2002,11:00, ,1177-04736,Red-tailed,Imature,NA,396,1065,27.7,30,230,235,NA,NA,3,Empty
11,2,2002,11:18, ,1177-04737,Red-tailed,Imature,NA,365,1125,26.9,29.3,213,220,NA,NA,3.5,Empty
11,3,2002,11:36, ,1177-04738,Red-tailed,Imature,NA,374,1050,25.5,30.3,220,225,NA,NA,2,Empty
11,4,2002,9:33, ,1705-24644,Coopers,Imature,Female,253,525,19.5,23.5,213,216,NA,NA,3,Empty
11,6,2002,12:06, ,1177-04739,Red-tailed,Imature,NA,372,980,26.4,29,215,215,NA,NA,1.5,Empty
11,6,2002,14:06, ,1177-04740,Red-tailed,Imature,NA,376,1180,24.4,30.7,214,218,NA,NA,2,Empty
11,7,2002,10:20, ,1142-19272,Sharp-shinned,Imature,Male,166,115,9.9,11.6,136,140,NA,NA,2.5,Full
11,7,2002,11:58, ,1177-04741,Red-tailed,Imature,NA,369,1095,26.6,28.4,215,220,NA,NA,2,Empty
11,7,2002,12:28, ,1207-72673,Red-tailed,Adult,NA,391,1330,26.8,30.1,217,220,NA,NA,2,Empty
11,7,2002,12:59, ,2003-99355,Sharp-shinned,Imature,Female,193,185,12.1,14.9,158,166,NA,NA,4,Empty
11,8,2002,11:45, ,1177-0472,Red-tailed,Adult,NA,397,1100,22.1,28.8,219,215,NA,NA,2,Empty
11,8,2002,14:29, ,1177-0473,Red-tailed,Imature,NA,366,1115,27.1,21,215,219,NA,NA,2,NA
11,10,2002,11:35, ,1207-72674,Red-tailed,Adult,NA,385,1400,30.3,33.3,211,220,NA,NA,3,Empty
11,10,2002,12:35, ,1177-0744,Red-tailed,Imature,NA,400,1175,27.6,32.6,234,235,NA,NA,2,Empty
11,11,2002,11:48, ,2003-99356,Sharp-shinned,Imature,Female,198,185,11.8,15.1,161,170,NA,NA,4,Empty
9,5,2003,10:38, ,1177-0745,Red-tailed,Adult,NA,365,970,25.9,31.6,208,215,NA,NA,3,Empty
9,14,2003,10:18, ,2003-99357,Sharp-shinned,Imature,Female,194,170,11.6,14,153,159,NA,NA,4,Full
9,16,2003,10:15, ,803-05943,Sharp-shinned,Imature,Female,195,175,12,15.6,152,159,NA,NA,3,NA
9,16,2003,10:57, ,2003-99358,Sharp-shinned,Imature,Female,200,165,11.5,14.5,163,168,NA,NA,3,Empty
9,16,2003,12:55, ,1207-72675,Red-tailed,Imature,NA,384,1260,28.6,32.5,226,226,NA,NA,2.5,Empty
9,17,2003,9:40, ,1142-19273,Sharp-shinned,Imature,Male,159,110,9.9,11.1,125,126,NA,NA,3,Full
9,18,2003,10:17, ,1142-19274,Sharp-shinned,Imature,Male,161,100,9.3,11.5,134,138,NA,NA,2,NA
9,18,2003,10:17, ,2003-99359,Sharp-shinned,Imature,Female,191,190,12.3,14.8,162,168,NA,NA,3,Full
9,18,2003,11:55, ,1204-45879,Coopers,Imature,Male,216,305,16,20.4,185,191,NA,NA,2,Empty
9,18,2003,13:50, ,1705-37417,Coopers,Imature,Female,256,510,18.8,23.3,212,217,NA,NA,2.5,NA
9,19,2003,10:59, ,1142-19275,Sharp-shinned,Imature,Male,161,90,9.5,11.3,123,132,NA,NA,3,Empty
9,20,2003,12:04, ,1207-99560,Red-tailed,Adult,NA,396,1195,27,23.8,228,225,NA,NA,2,Empty
9,20,2003,13:35, ,1177-04746,Red-tailed,Imature,NA,391,1035,27.9,33.1,221,226,NA,NA,2,Empty
9,20,2003,14:12, ,1142-19276,Sharp-shinned,Imature,Male,160,90,8.8,11.4,131,135,NA,NA,2.5,Empty
9,21,2003,9:52, ,2003-99360,Sharp-shinned,Imature,Male,183,160,12.7,14.6,143,146,NA,NA,4,Empty
9,22,2003,14:21, ,1142-19277,Sharp-shinned,Imature,Male,156,85,9.7,11,129,313,NA,NA,3,Empty
9,23,2003,10:44, ,1207-72676,Red-tailed,Imature,NA,393,1155,28.3,30.9,223,230,NA,NA,2,Empty
9,23,2003,11:16, ,1207-72677,Red-tailed,Imature,NA,397,1260,27.8,32.9,232,231,NA,NA,3,Empty
9,23,2003,13:13, ,1142-19278,Sharp-shinned,Imature,Male,159,95,8.9,10.4,125,130,NA,NA,3,NA
9,23,2003,14:00, ,1705-37418,Coopers,Imature,Female,255,440,18.6,22.8,214,220,NA,NA,2,Empty
9,24,2003,9:35, ,2003-99362,Sharp-shinned,Imature,Male,197,175,10,14.9,150,162,NA,NA,3,Empty
9,24,2003,9:53, ,1204-45880,Coopers,Imature,Male,218,295,16.1,19.4,183,187,NA,NA,2.5,Empty
9,25,2003,9:49, ,2003-99363,Sharp-shinned,Imature,Female,196,160,12.6,14.5,158,166,NA,NA,4,Empty
9,25,2003,13:08, ,1177-04747,Red-tailed,Imature,NA,384,1010,26.8,31.1,230,235,NA,NA,2,NA
9,25,2003,13:30, ,1177-04748,Red-tailed,Imature,NA,385,990,26,29.6,225,229,NA,NA,3,Empty
9,26,2003,10:19, ,2003-99364,Sharp-shinned,Imature,Male,181,150,11.4,14.3,141,150,NA,NA,3,Empty
9,26,2003,11:27, ,1204-45881,Coopers,Imature,Male,225,300,16,20.1,183,192,NA,NA,2,Empty
9,17,2003,9:18, ,1177-04749,Red-tailed,Imature,NA,379,945,24.5,31.3,224,231,NA,NA,2.5,Empty
9,27,2003,10:10, ,2003-99365,Sharp-shinned,Imature,Female,201,188,11.7,14.9,162,168,NA,NA,4,Empty
9,28,2003,9:36, ,1142-19279,Sharp-shinned,Imature,Male,161,95,10.6,11.5,131,138,NA,NA,1,Empty
9,28,2003,10:11, ,1705-37419,Coopers,Adult,Male,230,330,15.7,19.4,188,196,NA,NA,1,Empty
9,28,2003,12:12, ,1142-19280,Sharp-shinned,Imature,Male,159,95,9.9,11.2,132,134,NA,NA,1,Empty
9,29,2003,11:20, ,1177-04750,Red-tailed,Imature,NA,367,970,26.4,30.5,215,215,NA,NA,3,Empty
9,29,2003,12:02, ,1207-72678,Red-tailed,Imature,NA,396,1240,28.9,32.8,237,245,NA,NA,3,Empty
9,29,2003,12:58, ,1142-19281,Sharp-shinned,Imature,Male,157,105,10,11.5,133,137,NA,NA,3,Full
9,29,2003,13:51, ,2003-99366,Sharp-shinned,Imature,Female,191,165,11.5,14.9,156,159,NA,NA,4,Empty
9,29,2003,14:47, ,2003-99367,Sharp-shinned,Imature,Female,191,170,12.1,15.1,163,163,NA,NA,4,Empty
9,29,2003,15:15, ,1142-19282,Sharp-shinned,Imature,Male,168,100,10.2,11.9,134,137,NA,NA,3,Empty
9,29,2003,15:55, ,1207-72679,Red-tailed,Imature,NA,428,1290,28.4,33.9,253,256,NA,NA,2,Empty
9,30,2003,12:05, ,1705-37420,Coopers,Adult,Female,252,470,19.5,28.4,211,213,NA,NA,3,Empty
9,30,2003,12:53, ,2003-99368,Sharp-shinned,Adult,Female,192,175,11.7,14.2,160,167,NA,NA,3,Full
9,30,2003,13:22, ,2003-99369,Sharp-shinned,Adult,Female,195,195,13.6,14,158,163,NA,NA,4,Full
10,1,2003,10:07, ,1204-45882,Coopers,Adult,Male,233,335,16.3,21.3,187,194,NA,NA,3,Empty
10,1,2003,11:53, ,1177-04751,Red-tailed,Adult,NA,364,1150,26.1,28.2,196,202,NA,NA,2,Empty
10,1,2003,13:40, ,1177-04752,Red-tailed,Imature,NA,370,960,25.4,30.4,217,224,NA,NA,2,Empty
10,1,2003,14:30, ,1207-72680,Red-tailed,Imature,NA,400,1130,28.3,29.4,227,230,NA,NA,2,Empty
10,3,2003,9:18, ,1177-04753,Red-tailed,Imature,NA,375,925,25.4,28.6,220,226,NA,NA,1,Empty
10,3,2003,14:43, ,1207-72681,Red-tailed,Imature,NA,398,1205,27.6,33.4,227,235,NA,NA,2,Empty
10,4,2003,11:04, ,1177-04754,Red-tailed,Imature,NA,385,1040,27.2,31.5,238,245,NA,NA,2,Empty
10,4,2003,11:58, ,1142-19283,Sharp-shinned,Imature,Male,156,100,9.9,11.2,122,130,NA,NA,4,NA
10,4,2003,12:46, ,1204-45883,Coopers,Imature,Male,230,335,16.3,19.7,201,210,NA,NA,2.5,NA
10,5,2003,10:58, ,1204-45884,Coopers,Imature,Male,220,335,16.2,20,185,190,NA,NA,2,Empty
10,6,2003,14:12, ,1142-19284,Sharp-shinned,Imature,Male,163,105,10.3,11.7,137,140,NA,NA,3,Empty
10,7,2003,10:46, ,1807-53139,Red-tailed,Imature,NA,376,860,25.6,30,220,227,NA,NA,2,Empty
10,7,2003,11:17, ,1177-04755,Red-tailed,Imature,NA,360,935,25.8,30,212,221,NA,NA,3,Empty
10,7,2003,11:42, ,1177-04756,Red-tailed,Adult,NA,372,1010,24.3,29,197,203,NA,NA,1,Empty
10,7,2003,11:58, ,1207-72682,Red-tailed,Imature,NA,400,1285,29.7,33.5,230,237,NA,NA,2,Empty
10,7,2003,12:10, ,2003-99370,Sharp-shinned,Adult,Female,194,210,13,14.5,147,150,NA,NA,4,Full
10,7,2003,12:49, ,1807-53140,Red-tailed,Imature,NA,370,830,23.6,27.8,233,231,NA,NA,2,Empty
10,8,2003,10:31, ,1142-19285,Sharp-shinned,Imature,Male,160,95,10.2,11.2,135,142,NA,NA,3,Empty
10,8,2003,11:08, ,1207-72683,Red-tailed,Imature,NA,403,1350,28,32.8,140,245,NA,NA,2,Empty
10,8,2003,12:28, ,1177-04757,Red-tailed,Imature,NA,375,1010,25,30.8,218,222,NA,NA,2,Full
10,8,2003,14:48, ,1177-04758,Red-tailed,Imature,NA,373,960,27.7,32.5,222,225,NA,NA,2,Empty
10,10,2003,11:43, ,1177-04759,Red-tailed,Imature,NA,385,1370,26.4,29.2,233,235,NA,NA,3,Empty
10,12,2003,10:10, ,2003-99371,Sharp-shinned,Imature,Female,143,170,12.8,13.9,159,NA,NA,NA,3,NA
10,12,2003,11:30, ,1142-19286,Sharp-shinned,Imature,Male,162,100,8.7,11.4,136,143,NA,NA,4,Empty
10,12,2003,12:10, ,1207-72684,Red-tailed,Imature,NA,392,1250,28.6,32.9,222,229,NA,NA,2,NA
10,12,2003,13:15, ,1807-53141,Red-tailed,Imature,NA,372,915,24.7,28.2,203,NA,NA,NA,3,NA
10,13,2003,12:00, ,1177-04760,Red-tailed,Imature,NA,375,850,25,28,218,226,NA,NA,2,Empty
10,13,2003, , ,1207-72685,Red-tailed,Imature,NA,415,1285,29.4,34,242,242,NA,NA,2,NA
10,14,2003,10:53, ,1142-19287,Sharp-shinned,Adult,Male,161,95,9.8,11.7,129,136,NA,NA,4,Empty
10,14,2003,12:24, ,1177-04761,Red-tailed,Adult,NA,380,1005,27,31.6,205,214,NA,NA,2,Empty
10,18,2003,12:45, ,788-36611,Red-tailed,Adult,NA,411,1220,28.1,32.7,236,245,NA,NA,2,Empty
10,21,2003,9:08, ,1142-19288,Sharp-shinned,Adult,Male,161,95,9.6,12.4,121,128,NA,NA,2.5,Empty
10,21,2003,10:19, ,1142-19289,Sharp-shinned,Imature,Male,165,100,9.8,12,134,140,NA,NA,3,Empty
10,21,2003,11:35, ,1207-72686,Red-tailed,Imature,NA,393,1265,28.3,32.7,233,236,NA,NA,2,Empty
10,21,2003,13:02, ,1177-04762,Red-tailed,Imature,NA,370,1020,24.6,30,211,215,NA,NA,2,Empty
10,22,2003,12:19, ,1204-45885,Coopers,Adult,Male,230,360,16,22.1,186,190,NA,NA,3,Empty
10,25,2003,11:07, ,1177-04763,Red-tailed,Imature,NA,365,895,24.5,28.9,217,221,NA,NA,1,Empty
10,25,2003,11:53, ,1177-04764,Red-tailed,Imature,NA,371,1160,25.7,28.4,218,224,NA,NA,3,Empty
10,25,2003,12:47, ,1207-72687,Red-tailed,Imature,NA,400,1585,29,33.8,241,248,NA,NA,4,NA
10,25,2003,12:55, ,1177-04765,Red-tailed,Adult,NA,382,1140,24.9,31.6,218,222,NA,NA,2,Empty
10,25,2003,13:27, ,1807-53142,Red-tailed,Adult,NA,371,1115,25.3,29.2,208,214,NA,NA,3,NA
10,25,2003,13:40, ,1177-04766,Red-tailed,Adult,NA,370,1145,25.4,30.2,212,215,NA,NA,2,Empty
10,26,2003,11:35, ,2003-99372,Sharp-shinned,Adult,Female,194,185,12.8,14.8,152,161,NA,NA,2,NA
10,26,2003,12:15, ,1177-04767,Red-tailed,Adult,NA,347,990,25.3,29.8,203,206,NA,NA,1,Empty
10,30,2003,10:40, ,1177-04768,Red-tailed,Imature,NA,363,945,24.5,NA,218,229,NA,NA,2,Empty
10,30,2003,13:13, ,1213-58909,Sharp-shinned,Imature,Female,195,165,11.7,14.5,153,163,NA,NA,3,Empty
10,30,2003,13:35, ,1177-04769,Red-tailed,Adult,NA,392,1030,26.3,28.1,196,201,NA,NA,2,NA
10,31,2003,11:20, ,1204-45886,Coopers,Imature,Male,220,320,15.5,19.5,184,187,NA,NA,2,NA
11,6,2003,10:06, ,2003-99373,Sharp-shinned,Imature,Female,193,105,13,15.6,156,163,NA,NA,4,Empty
11,6,2003,13:02, ,1177-04770,Red-tailed,Imature,NA,365,990,26.4,30,217,226,NA,NA,2,Empty
11,7,2003,12:30, ,1177-04771,Red-tailed,Adult,NA,387,1065,28,32.7,212,218,NA,NA,2,NA
11,7,2003,13:45, ,1177-04772,Red-tailed,Imature,NA,400,1050,26.1,29.7,237,246,NA,NA,3,NA
11,8,2003,13:01, ,1801-53143,Red-tailed,Imature,NA,362,840,23.2,26.1,206,216,NA,NA,2,Empty
11,9,2003,12:00, ,803-05944,Sharp-shinned,Imature,Female,198,190,12.2,15.8,158,165,NA,NA,3,Empty
11,9,2003,13:31, ,2003-99374,Sharp-shinned,Imature,Female,190,200,12.7,15,157,164,NA,NA,3,NA
11,11,2003,10:15, ,2003-99375,Sharp-shinned,Imature,Female,197,185,12.8,15.6,157,166,NA,NA,4,Empty
11,13,2003,14:00, ,1177-04773,Red-tailed,Adult,NA,370,1000,26.9,31.4,201,206,NA,NA,2,Empty
11,14,2003,13:35, ,1213-58910,Sharp-shinned,Imature,Female,200,185,12.8,15.2,158,166,NA,NA,4,Full
11,17,2003,10:19, ,1177-04774,Red-tailed,Adult,NA,360,1325,26.2,30.6,224,230,NA,NA,4,NA
11,18,2003,13:29, ,1177-04775,Red-tailed,Adult,NA,366,945,25.3,27.2,199,205,NA,NA,2,Empty
11,18,2003,13:45, ,1177-04776,Red-tailed,Adult,NA,402,1350,28.7,31,219,214,NA,NA,3,Empty
11,18,2003,14:07, ,1207-53144,Red-tailed,Imature,NA,366,805,23.5,25.7,217,222,NA,NA,1.5,NA
11,18,2003,14:44, ,1177-04777,Red-tailed,Imature,NA,380,1525,26,27.6,224,227,NA,NA,3,Empty
11,19,2003,10:18, ,803-05985,Sharp-shinned,Imature,Female,190,175,12.7,15.4,150,153,NA,NA,4,Empty
11,19,2003,12:02, ,1807-53145,Red-tailed,Imature,NA,360,790,21.9,27.6,211,215,NA,NA,2,Empty
11,20,2003,9:56, ,1177-04778,Red-tailed,Imature,NA,369,860,25.2,28,207,210,NA,NA,2,Empty
11,20,2003,13:30, ,1207-53145,Red-tailed,Adult,NA,199,1290,28.7,32.1,222,226,NA,NA,1,Empty
